run,speed,light,utc,elapsed,watts,voltage,current,stable
fan_0_dark,0,False,2026-09-30T22:23:32.406896+00:00,0.0,0.0,233.7,0.0,True
fan_0_dark,0,False,2026-09-30T22:23:33.386975+00:00,1.0,0.0,233.6,0.0,True
fan_0_dark,0,False,2026-09-30T22:23:34.383463+00:00,2.0,0.0,233.6,0.0,True
fan_0_dark,0,False,2026-09-30T22:23:35.382984+00:00,3.001,0.0,233.7,0.0,True
fan_0_dark,0,False,2026-09-30T22:23:36.385656+00:00,4.001,0.0,233.7,0.0,True
fan_0_dark,0,False,2026-09-30T22:23:37.378909+00:00,5.001,0.0,233.6,0.0,True
fan_0_dark,0,False,2026-09-30T22:23:38.379962+00:00,6.001,0.0,233.7,0.0,True
fan_0_dark,0,False,2026-09-30T22:23:39.388085+00:00,7.001,0.0,233.8,0.0,True
fan_0_dark,0,False,2026-09-30T22:23:40.379159+00:00,8.001,0.0,233.1,0.0,True
fan_0_dark,0,False,2026-09-30T22:23:41.380178+00:00,9.002,0.0,233.4,0.0,True
fan_0_dark,0,False,2026-09-30T22:23:42.376791+00:00,10.002,0.0,233.6,0.0,True
fan_0_dark,0,False,2026-09-30T22:23:43.381026+00:00,11.002,0.0,233.5,0.0,True
fan_0_dark,0,False,2026-09-30T22:23:44.388672+00:00,12.002,0.0,233.6,0.0,True
fan_0_dark,0,False,2026-09-30T22:23:45.377700+00:00,13.002,0.0,233.6,0.0,True
fan_0_dark,0,False,2026-09-30T22:23:46.379604+00:00,14.002,0.0,233.5,0.0,True
fan_0_dark,0,False,2026-09-30T22:23:47.384208+00:00,15.003,0.0,233.5,0.0,True
fan_0_dark,0,False,2026-09-30T22:23:48.381035+00:00,16.003,0.0,233.5,0.0,True
fan_0_dark,0,False,2026-09-30T22:23:49.380288+00:00,17.003,0.0,233.5,0.0,True
fan_0_dark,0,False,2026-09-30T22:23:50.395253+00:00,18.003,0.0,233.5,0.0,True
fan_0_dark,0,False,2026-09-30T22:23:51.377346+00:00,19.003,0.0,233.5,0.0,True
fan_0_dark,0,False,2026-09-30T22:23:52.384142+00:00,20.003,0.0,233.6,0.0,True
fan_0_dark,0,False,2026-09-30T22:23:53.385190+00:00,21.004,0.0,233.5,0.0,True
fan_0_dark,0,False,2026-09-30T22:23:54.386944+00:00,22.004,0.0,233.4,0.0,True
fan_0_dark,0,False,2026-09-30T22:23:55.380965+00:00,23.004,0.0,233.5,0.0,True
fan_0_dark,0,False,2026-09-30T22:23:56.379636+00:00,24.004,0.0,233.4,0.0,True
fan_0_dark,0,False,2026-09-30T22:23:57.387944+00:00,25.004,0.0,233.4,0.0,True
fan_0_dark,0,False,2026-09-30T22:23:58.391045+00:00,26.004,0.0,233.5,0.0,True
fan_0_dark,0,False,2026-09-30T22:23:59.393304+00:00,27.004,0.0,233.4,0.0,True
fan_0_dark,0,False,2026-09-30T22:24:00.384866+00:00,28.004,0.0,233.4,0.0,True
fan_0_dark,0,False,2026-09-30T22:24:01.389267+00:00,29.005,0.0,233.5,0.0,True
fan_0_dark,0,False,2026-09-30T22:24:02.401485+00:00,30.005,0.0,233.4,0.0,True
fan_0_dark,0,False,2026-09-30T22:24:03.385748+00:00,31.005,0.0,233.5,0.0,True
fan_0_dark,0,False,2026-09-30T22:24:04.386323+00:00,32.005,0.0,233.6,0.0,True
fan_0_dark,0,False,2026-09-30T22:24:05.381862+00:00,33.005,0.0,233.6,0.0,True
fan_0_dark,0,False,2026-09-30T22:24:06.384719+00:00,34.006,0.0,233.6,0.0,True
fan_0_dark,0,False,2026-09-30T22:24:07.401627+00:00,35.006,0.0,233.6,0.0,True
fan_0_dark,0,False,2026-09-30T22:24:08.391304+00:00,36.006,0.0,233.6,0.0,True
fan_0_dark,0,False,2026-09-30T22:24:09.387660+00:00,37.006,0.0,233.6,0.0,True
fan_0_dark,0,False,2026-09-30T22:24:10.393038+00:00,38.006,0.0,233.6,0.0,True
fan_0_dark,0,False,2026-09-30T22:24:11.388724+00:00,39.006,0.0,233.7,0.0,True
fan_0_dark_final,0,False,2026-09-30T22:45:15.283346+00:00,0.0,79.5,234.7,0.358,False
fan_0_dark_final,0,False,2026-09-30T22:45:16.267266+00:00,1.0,24.5,235.0,0.157,False
fan_0_dark_final,0,False,2026-09-30T22:45:17.245449+00:00,2.0,24.5,235.0,0.157,False
fan_0_dark_final,0,False,2026-09-30T22:45:18.250087+00:00,3.001,0.0,235.2,0.0,False
fan_0_dark_final,0,False,2026-09-30T22:45:19.251261+00:00,4.001,0.0,235.2,0.0,False
fan_0_dark_final,0,False,2026-09-30T22:45:20.256480+00:00,5.001,0.0,235.4,0.0,False
fan_0_dark_final,0,False,2026-09-30T22:45:21.247733+00:00,6.001,0.0,235.3,0.0,False
fan_0_dark_final,0,False,2026-09-30T22:45:22.251855+00:00,7.001,0.0,235.4,0.0,False
fan_0_dark_final,0,False,2026-09-30T22:45:23.258375+00:00,8.001,0.0,235.5,0.0,False
fan_0_dark_final,0,False,2026-09-30T22:45:24.252495+00:00,9.001,0.0,235.4,0.0,False
fan_0_dark_final,0,False,2026-09-30T22:45:25.249995+00:00,10.002,0.0,235.3,0.0,False
fan_0_dark_final,0,False,2026-09-30T22:45:26.246771+00:00,11.002,0.0,235.4,0.0,False
fan_0_dark_final,0,False,2026-09-30T22:45:27.251144+00:00,12.002,0.0,235.4,0.0,False
fan_0_dark_final,0,False,2026-09-30T22:45:28.252667+00:00,13.002,0.0,235.3,0.0,False
fan_0_dark_final,0,False,2026-09-30T22:45:29.252916+00:00,14.002,0.0,235.4,0.0,False
fan_0_dark_final,0,False,2026-09-30T22:45:30.248498+00:00,15.002,0.0,235.4,0.0,True
fan_0_dark_final,0,False,2026-09-30T22:45:31.249468+00:00,16.003,0.0,235.2,0.0,True
fan_0_dark_final,0,False,2026-09-30T22:45:32.261803+00:00,17.003,0.0,235.2,0.0,True
fan_0_dark_final,0,False,2026-09-30T22:45:33.254307+00:00,18.003,0.0,235.3,0.0,True
fan_0_dark_final,0,False,2026-09-30T22:45:34.251857+00:00,19.003,0.0,235.3,0.0,True
fan_0_dark_final,0,False,2026-09-30T22:45:35.250099+00:00,20.003,0.0,235.3,0.0,True
fan_0_dark_final,0,False,2026-09-30T22:45:36.259926+00:00,21.003,0.0,235.3,0.0,True
fan_0_dark_final,0,False,2026-09-30T22:45:37.253812+00:00,22.003,0.0,235.3,0.0,True
fan_0_dark_final,0,False,2026-09-30T22:45:38.249405+00:00,23.004,0.0,235.3,0.0,True
fan_0_dark_final,0,False,2026-09-30T22:45:39.252845+00:00,24.004,0.0,235.3,0.0,True
fan_0_dark_final,0,False,2026-09-30T22:45:40.251438+00:00,25.004,0.0,235.3,0.0,True
fan_0_dark_final,0,False,2026-09-30T22:45:41.250168+00:00,26.004,0.0,235.4,0.0,True
fan_0_dark_final,0,False,2026-09-30T22:45:42.248218+00:00,27.004,0.0,235.4,0.0,True
fan_0_dark_final,0,False,2026-09-30T22:45:43.250483+00:00,28.004,0.0,235.5,0.0,True
fan_0_dark_final,0,False,2026-09-30T22:45:44.258271+00:00,29.004,0.0,235.5,0.0,True
fan_0_dark_final,0,False,2026-09-30T22:45:45.262317+00:00,30.005,0.0,235.4,0.0,True
fan_0_dark_final,0,False,2026-09-30T22:45:46.254049+00:00,31.005,0.0,235.4,0.0,True
fan_0_dark_final,0,False,2026-09-30T22:45:47.249593+00:00,32.005,0.0,235.4,0.0,True
fan_0_dark_final,0,False,2026-09-30T22:45:48.251673+00:00,33.005,0.0,235.4,0.0,True
fan_0_dark_final,0,False,2026-09-30T22:45:49.257567+00:00,34.005,0.0,235.4,0.0,True
fan_0_dark_final,0,False,2026-09-30T22:45:50.252042+00:00,35.005,0.0,235.4,0.0,True
fan_0_dark_final,0,False,2026-09-30T22:45:51.251258+00:00,36.006,0.0,235.4,0.0,True
fan_0_dark_final,0,False,2026-09-30T22:45:52.250678+00:00,37.006,0.0,235.4,0.0,True
fan_0_dark_final,0,False,2026-09-30T22:45:53.256655+00:00,38.006,0.0,235.4,0.0,True
fan_0_dark_final,0,False,2026-09-30T22:45:54.253440+00:00,39.006,0.0,235.4,0.0,True
fan_0_dark_final,0,False,2026-09-30T22:45:55.262701+00:00,40.006,0.0,235.4,0.0,True
fan_0_dark_final,0,False,2026-09-30T22:45:56.254808+00:00,41.006,0.0,235.4,0.0,True
fan_0_dark_final,0,False,2026-09-30T22:45:57.253081+00:00,42.006,0.0,235.4,0.0,True
fan_0_dark_final,0,False,2026-09-30T22:45:58.268021+00:00,43.007,0.0,235.4,0.0,True
fan_0_dark_final,0,False,2026-09-30T22:45:59.267871+00:00,44.007,0.0,235.4,0.0,True
fan_0_light,0,True,2026-09-30T22:24:31.831207+00:00,0.0,0.0,233.6,0.0,False
fan_0_light,0,True,2026-09-30T22:24:32.803950+00:00,1.0,5.3,233.6,0.204,False
fan_0_light,0,True,2026-09-30T22:24:33.799961+00:00,2.001,6.9,233.6,0.051,False
fan_0_light,0,True,2026-09-30T22:24:34.794469+00:00,3.001,7.0,233.7,0.049,False
fan_0_light,0,True,2026-09-30T22:24:35.798533+00:00,4.001,7.0,233.6,0.048,False
fan_0_light,0,True,2026-09-30T22:24:36.798828+00:00,5.001,7.0,233.7,0.048,False
fan_0_light,0,True,2026-09-30T22:24:37.800601+00:00,6.001,7.1,233.6,0.048,False
fan_0_light,0,True,2026-09-30T22:24:38.815650+00:00,7.001,7.0,233.6,0.048,False
fan_0_light,0,True,2026-09-30T22:24:39.795231+00:00,8.001,7.0,233.6,0.048,False
fan_0_light,0,True,2026-09-30T22:24:40.796907+00:00,9.002,7.0,233.6,0.048,False
fan_0_light,0,True,2026-09-30T22:24:41.806405+00:00,10.002,7.0,233.7,0.048,False
fan_0_light,0,True,2026-09-30T22:24:42.806645+00:00,11.002,7.0,233.6,0.048,False
fan_0_light,0,True,2026-09-30T22:24:43.797977+00:00,12.002,7.0,233.6,0.048,False
fan_0_light,0,True,2026-09-30T22:24:44.803631+00:00,13.002,7.0,233.6,0.048,False
fan_0_light,0,True,2026-09-30T22:24:45.807214+00:00,14.002,7.0,233.6,0.048,False
fan_0_light,0,True,2026-09-30T22:24:46.796567+00:00,15.002,7.0,233.7,0.048,True
fan_0_light,0,True,2026-09-30T22:24:47.797561+00:00,16.003,7.0,233.5,0.048,True
fan_0_light,0,True,2026-09-30T22:24:48.800136+00:00,17.003,7.0,233.5,0.048,True
fan_0_light,0,True,2026-09-30T22:24:49.803541+00:00,18.003,7.0,233.5,0.048,True
fan_0_light,0,True,2026-09-30T22:24:50.800563+00:00,19.003,7.0,233.5,0.048,True
fan_0_light,0,True,2026-09-30T22:24:51.805786+00:00,20.003,7.0,233.6,0.048,True
fan_0_light,0,True,2026-09-30T22:24:52.797699+00:00,21.003,6.9,233.4,0.048,True
fan_0_light,0,True,2026-09-30T22:24:53.799322+00:00,22.003,7.0,233.6,0.048,True
fan_0_light,0,True,2026-09-30T22:24:54.804677+00:00,23.004,7.0,233.6,0.048,True
fan_0_light,0,True,2026-09-30T22:24:55.816462+00:00,24.004,7.0,233.6,0.048,True
fan_0_light,0,True,2026-09-30T22:24:56.800794+00:00,25.004,7.0,233.6,0.048,True
fan_0_light,0,True,2026-09-30T22:24:57.798196+00:00,26.004,7.0,233.6,0.048,True
fan_0_light,0,True,2026-09-30T22:24:58.804549+00:00,27.004,7.0,233.6,0.048,True
fan_0_light,0,True,2026-09-30T22:24:59.816885+00:00,28.004,6.9,233.6,0.048,True
fan_0_light,0,True,2026-09-30T22:25:00.813221+00:00,29.005,7.0,233.6,0.048,True
fan_0_light,0,True,2026-09-30T22:25:01.817941+00:00,30.005,7.0,233.4,0.048,True
fan_0_light,0,True,2026-09-30T22:25:02.805757+00:00,31.005,7.0,233.2,0.048,True
fan_0_light,0,True,2026-09-30T22:25:03.809503+00:00,32.005,7.0,233.6,0.048,True
fan_0_light,0,True,2026-09-30T22:25:04.800541+00:00,33.005,7.0,233.6,0.048,True
fan_0_light,0,True,2026-09-30T22:25:05.804019+00:00,34.005,6.9,233.6,0.048,True
fan_0_light,0,True,2026-09-30T22:25:06.802544+00:00,35.006,7.0,233.6,0.048,True
fan_0_light,0,True,2026-09-30T22:25:07.802900+00:00,36.006,7.0,233.5,0.048,True
fan_0_light,0,True,2026-09-30T22:25:08.801098+00:00,37.006,6.9,233.4,0.048,True
fan_0_light,0,True,2026-09-30T22:25:09.799945+00:00,38.006,6.9,233.5,0.048,True
fan_0_light,0,True,2026-09-30T22:25:10.800689+00:00,39.006,7.0,233.4,0.048,True
fan_0_light,0,True,2026-09-30T22:25:11.800669+00:00,40.006,6.9,233.5,0.048,True
fan_0_light,0,True,2026-09-30T22:25:12.800287+00:00,41.006,7.0,233.5,0.048,True
fan_0_light,0,True,2026-09-30T22:25:13.807868+00:00,42.007,7.0,233.4,0.048,True
fan_0_light,0,True,2026-09-30T22:25:14.807666+00:00,43.007,6.9,233.5,0.048,True
fan_0_light,0,True,2026-09-30T22:25:15.805150+00:00,44.007,6.9,233.5,0.048,True
fan_0_light,0,True,2026-09-30T22:25:16.807366+00:00,45.007,7.0,233.6,0.048,True
fan_0_light,0,True,2026-09-30T22:25:17.804628+00:00,46.008,6.9,233.6,0.048,True
fan_0_light,0,True,2026-09-30T22:25:18.804548+00:00,47.008,7.0,233.5,0.048,True
fan_0_light,0,True,2026-09-30T22:25:19.811003+00:00,48.008,6.9,233.4,0.048,True
fan_0_light,0,True,2026-09-30T22:25:20.801979+00:00,49.008,6.9,233.5,0.048,True
fan_0_light,0,True,2026-09-30T22:25:21.802998+00:00,50.008,6.9,233.5,0.048,True
fan_0_light,0,True,2026-09-30T22:25:22.812316+00:00,51.008,7.0,233.4,0.048,True
fan_0_light,0,True,2026-09-30T22:25:23.802125+00:00,52.008,7.0,233.6,0.048,True
fan_0_light,0,True,2026-09-30T22:25:24.807295+00:00,53.009,7.0,233.4,0.048,True
fan_0_light,0,True,2026-09-30T22:25:25.818347+00:00,54.009,7.0,233.5,0.048,True
fan_1_dark,1,False,2026-09-30T22:27:31.664556+00:00,0.0,90.7,231.0,0.42,False
fan_1_dark,1,False,2026-09-30T22:27:32.639859+00:00,1.0,85.1,231.0,0.398,False
fan_1_dark,1,False,2026-09-30T22:27:33.639401+00:00,2.0,85.1,231.0,0.398,False
fan_1_dark,1,False,2026-09-30T22:27:34.646233+00:00,3.001,84.5,230.9,0.396,False
fan_1_dark,1,False,2026-09-30T22:27:35.636889+00:00,4.001,84.5,231.0,0.396,False
fan_1_dark,1,False,2026-09-30T22:27:36.634940+00:00,5.001,84.4,230.9,0.396,False
fan_1_dark,1,False,2026-09-30T22:27:37.635014+00:00,6.001,84.4,231.0,0.396,False
fan_1_dark,1,False,2026-09-30T22:27:38.644570+00:00,7.001,84.3,230.9,0.395,False
fan_1_dark,1,False,2026-09-30T22:27:39.636117+00:00,8.001,84.3,231.0,0.395,False
fan_1_dark,1,False,2026-09-30T22:27:40.637610+00:00,9.001,84.4,231.0,0.395,False
fan_1_dark,1,False,2026-09-30T22:27:41.634168+00:00,10.002,84.3,231.0,0.395,False
fan_1_dark,1,False,2026-09-30T22:27:42.641448+00:00,11.002,84.2,230.9,0.395,False
fan_1_dark,1,False,2026-09-30T22:27:43.638600+00:00,12.002,84.3,230.9,0.395,False
fan_1_dark,1,False,2026-09-30T22:27:44.642090+00:00,13.002,84.3,230.9,0.395,False
fan_1_dark,1,False,2026-09-30T22:27:45.638862+00:00,14.002,84.2,230.9,0.395,False
fan_1_dark,1,False,2026-09-30T22:27:46.641682+00:00,15.002,84.3,230.9,0.395,True
fan_1_dark,1,False,2026-09-30T22:27:47.645372+00:00,16.003,84.2,230.9,0.395,True
fan_1_dark,1,False,2026-09-30T22:27:48.637761+00:00,17.003,83.9,230.6,0.394,True
fan_1_dark,1,False,2026-09-30T22:27:49.641121+00:00,18.003,83.6,230.2,0.393,True
fan_1_dark,1,False,2026-09-30T22:27:50.639219+00:00,19.003,83.7,230.3,0.393,True
fan_1_dark,1,False,2026-09-30T22:27:51.637038+00:00,20.003,84.0,230.6,0.394,True
fan_1_dark,1,False,2026-09-30T22:27:52.638930+00:00,21.004,83.7,230.4,0.393,True
fan_1_dark,1,False,2026-09-30T22:27:53.638709+00:00,22.004,85.2,232.4,0.397,True
fan_1_dark,1,False,2026-09-30T22:27:54.636165+00:00,23.004,85.6,233.1,0.397,True
fan_1_dark,1,False,2026-09-30T22:27:55.645450+00:00,24.004,85.6,233.1,0.397,True
fan_1_dark,1,False,2026-09-30T22:27:56.646105+00:00,25.004,85.7,233.0,0.398,True
fan_1_dark,1,False,2026-09-30T22:27:57.643757+00:00,26.004,85.7,233.1,0.397,True
fan_1_dark,1,False,2026-09-30T22:27:58.638216+00:00,27.004,85.6,233.0,0.397,True
fan_1_dark,1,False,2026-09-30T22:27:59.651039+00:00,28.005,85.6,233.1,0.397,True
fan_1_dark,1,False,2026-09-30T22:28:00.643925+00:00,29.005,85.6,233.1,0.397,True
fan_1_dark,1,False,2026-09-30T22:28:01.642553+00:00,30.005,85.5,233.0,0.397,True
fan_1_dark,1,False,2026-09-30T22:28:02.640040+00:00,31.005,85.5,233.0,0.397,True
fan_1_dark,1,False,2026-09-30T22:28:03.641768+00:00,32.005,85.4,233.1,0.397,True
fan_1_dark,1,False,2026-09-30T22:28:04.643035+00:00,33.006,85.5,233.1,0.397,True
fan_1_dark,1,False,2026-09-30T22:28:05.649070+00:00,34.006,85.5,233.1,0.397,True
fan_1_dark,1,False,2026-09-30T22:28:06.644923+00:00,35.006,85.5,233.1,0.397,True
fan_1_dark,1,False,2026-09-30T22:28:07.646173+00:00,36.006,85.4,233.1,0.396,True
fan_1_dark,1,False,2026-09-30T22:28:08.644503+00:00,37.006,85.4,233.0,0.396,True
fan_1_dark,1,False,2026-09-30T22:28:09.646486+00:00,38.007,85.4,233.0,0.396,True
fan_1_dark,1,False,2026-09-30T22:28:10.644510+00:00,39.007,85.5,233.1,0.396,True
fan_1_dark,1,False,2026-09-30T22:28:11.641573+00:00,40.007,85.6,233.3,0.396,True
fan_1_dark,1,False,2026-09-30T22:28:12.642955+00:00,41.007,85.5,233.2,0.396,True
fan_1_dark,1,False,2026-09-30T22:28:13.643520+00:00,42.007,85.6,233.2,0.396,True
fan_1_dark,1,False,2026-09-30T22:28:14.640754+00:00,43.007,85.5,233.2,0.396,True
fan_1_dark,1,False,2026-09-30T22:28:15.648234+00:00,44.007,85.5,233.2,0.396,True
fan_1_dark,1,False,2026-09-30T22:28:16.649761+00:00,45.008,85.4,233.2,0.396,True
fan_1_dark,1,False,2026-09-30T22:28:17.640728+00:00,46.008,85.4,233.2,0.396,True
fan_1_dark,1,False,2026-09-30T22:28:18.768084+00:00,47.008,85.5,233.2,0.396,True
fan_1_dark,1,False,2026-09-30T22:28:19.833395+00:00,48.008,85.5,233.2,0.396,True
fan_1_dark,1,False,2026-09-30T22:28:20.755461+00:00,49.008,85.4,233.1,0.396,True
fan_1_dark,1,False,2026-09-30T22:28:21.643065+00:00,50.008,85.3,233.1,0.395,True
fan_1_dark,1,False,2026-09-30T22:28:22.643289+00:00,51.008,85.3,233.1,0.395,True
fan_1_dark,1,False,2026-09-30T22:28:23.653317+00:00,52.009,85.3,233.1,0.395,True
fan_1_dark,1,False,2026-09-30T22:28:24.641782+00:00,53.009,85.3,233.2,0.395,True
fan_1_dark,1,False,2026-09-30T22:28:25.649410+00:00,54.009,85.2,233.0,0.395,True
fan_1_dark_repeat,1,False,2026-09-30T22:44:04.835632+00:00,0.0,84.4,232.8,0.38,False
fan_1_dark_repeat,1,False,2026-09-30T22:44:05.794220+00:00,1.001,79.3,232.7,0.36,False
fan_1_dark_repeat,1,False,2026-09-30T22:44:06.784655+00:00,2.001,78.1,232.8,0.355,False
fan_1_dark_repeat,1,False,2026-09-30T22:44:07.786446+00:00,3.002,78.1,232.8,0.355,False
fan_1_dark_repeat,1,False,2026-09-30T22:44:08.789677+00:00,4.002,78.1,232.8,0.355,False
fan_1_dark_repeat,1,False,2026-09-30T22:44:09.787063+00:00,5.002,78.1,232.9,0.354,False
fan_1_dark_repeat,1,False,2026-09-30T22:44:10.788739+00:00,6.002,78.2,233.0,0.355,False
fan_1_dark_repeat,1,False,2026-09-30T22:44:11.796772+00:00,7.003,78.3,233.0,0.355,False
fan_1_dark_repeat,1,False,2026-09-30T22:44:12.793705+00:00,8.003,78.1,232.7,0.354,False
fan_1_dark_repeat,1,False,2026-09-30T22:44:13.791749+00:00,9.003,78.1,232.8,0.354,False
fan_1_dark_repeat,1,False,2026-09-30T22:44:14.798306+00:00,10.003,78.1,232.7,0.355,False
fan_1_dark_repeat,1,False,2026-09-30T22:44:15.789594+00:00,11.003,78.1,232.8,0.355,False
fan_1_dark_repeat,1,False,2026-09-30T22:44:16.789677+00:00,12.003,78.1,232.8,0.355,False
fan_1_dark_repeat,1,False,2026-09-30T22:44:17.787635+00:00,13.003,78.1,232.8,0.355,False
fan_1_dark_repeat,1,False,2026-09-30T22:44:18.794789+00:00,14.004,78.0,232.7,0.354,False
fan_1_dark_repeat,1,False,2026-09-30T22:44:19.791161+00:00,15.004,78.0,232.6,0.354,True
fan_1_dark_repeat,1,False,2026-09-30T22:44:20.788730+00:00,16.004,78.0,232.7,0.354,True
fan_1_dark_repeat,1,False,2026-09-30T22:44:21.791024+00:00,17.004,78.1,232.8,0.355,True
fan_1_dark_repeat,1,False,2026-09-30T22:44:22.792549+00:00,18.004,78.0,232.8,0.354,True
fan_1_dark_repeat,1,False,2026-09-30T22:44:23.789471+00:00,19.004,79.6,235.0,0.358,True
fan_1_dark_repeat,1,False,2026-09-30T22:44:24.794726+00:00,20.005,79.6,235.0,0.358,True
fan_1_dark_repeat,1,False,2026-09-30T22:44:25.794598+00:00,21.005,79.7,235.1,0.359,True
fan_1_dark_repeat,1,False,2026-09-30T22:44:26.790953+00:00,22.005,79.7,235.1,0.358,True
fan_1_dark_repeat,1,False,2026-09-30T22:44:27.796900+00:00,23.005,79.7,235.1,0.358,True
fan_1_dark_repeat,1,False,2026-09-30T22:44:28.791318+00:00,24.005,79.7,235.1,0.359,True
fan_1_dark_repeat,1,False,2026-09-30T22:44:29.793537+00:00,25.006,79.7,235.1,0.358,True
fan_1_dark_repeat,1,False,2026-09-30T22:44:30.790342+00:00,26.006,79.8,235.2,0.358,True
fan_1_dark_repeat,1,False,2026-09-30T22:44:31.791220+00:00,27.006,79.8,235.2,0.358,True
fan_1_dark_repeat,1,False,2026-09-30T22:44:32.789645+00:00,28.006,79.8,235.2,0.359,True
fan_1_dark_repeat,1,False,2026-09-30T22:44:33.798229+00:00,29.006,79.8,235.3,0.359,True
fan_1_dark_repeat,1,False,2026-09-30T22:44:34.791723+00:00,30.006,79.7,235.2,0.358,True
fan_1_dark_repeat,1,False,2026-09-30T22:44:35.795142+00:00,31.006,79.7,235.3,0.358,True
fan_1_dark_repeat,1,False,2026-09-30T22:44:36.794456+00:00,32.007,79.8,235.3,0.359,True
fan_1_dark_repeat,1,False,2026-09-30T22:44:37.792132+00:00,33.007,79.6,235.2,0.359,True
fan_1_dark_repeat,1,False,2026-09-30T22:44:38.794194+00:00,34.007,79.7,235.1,0.358,True
fan_1_dark_repeat,1,False,2026-09-30T22:44:39.793946+00:00,35.007,79.8,235.1,0.359,True
fan_1_dark_repeat,1,False,2026-09-30T22:44:40.794332+00:00,36.007,79.8,235.1,0.359,True
fan_1_dark_repeat,1,False,2026-09-30T22:44:41.794217+00:00,37.007,79.7,235.1,0.358,True
fan_1_dark_repeat,1,False,2026-09-30T22:44:42.792915+00:00,38.007,79.6,235.1,0.358,True
fan_1_dark_repeat,1,False,2026-09-30T22:44:43.794503+00:00,39.008,79.6,235.0,0.358,True
fan_1_dark_repeat,1,False,2026-09-30T22:44:44.792217+00:00,40.008,79.6,234.9,0.358,True
fan_1_dark_repeat,1,False,2026-09-30T22:44:45.806297+00:00,41.008,79.5,235.0,0.358,True
fan_1_dark_repeat,1,False,2026-09-30T22:44:46.792652+00:00,42.008,79.6,234.9,0.358,True
fan_1_dark_repeat,1,False,2026-09-30T22:44:47.791211+00:00,43.008,79.5,234.9,0.358,True
fan_1_dark_repeat,1,False,2026-09-30T22:44:48.794179+00:00,44.008,79.6,235.0,0.358,True
fan_1_light,1,True,2026-09-30T22:25:34.305537+00:00,0.0,7.0,233.5,0.048,False
fan_1_light,1,True,2026-09-30T22:25:35.268997+00:00,1.0,6.9,233.6,0.047,False
fan_1_light,1,True,2026-09-30T22:25:36.269956+00:00,2.001,98.8,233.2,0.458,False
fan_1_light,1,True,2026-09-30T22:25:37.278511+00:00,3.001,97.0,233.2,0.449,False
fan_1_light,1,True,2026-09-30T22:25:38.272620+00:00,4.001,95.4,233.1,0.442,False
fan_1_light,1,True,2026-09-30T22:25:39.272295+00:00,5.001,95.3,233.1,0.442,False
fan_1_light,1,True,2026-09-30T22:25:40.277075+00:00,6.001,95.4,233.1,0.442,False
fan_1_light,1,True,2026-09-30T22:25:41.272975+00:00,7.001,95.2,233.1,0.441,False
fan_1_light,1,True,2026-09-30T22:25:42.272151+00:00,8.002,95.2,233.2,0.441,False
fan_1_light,1,True,2026-09-30T22:25:43.278393+00:00,9.002,95.2,233.2,0.44,False
fan_1_light,1,True,2026-09-30T22:25:44.286139+00:00,10.002,95.1,233.2,0.44,False
fan_1_light,1,True,2026-09-30T22:25:45.281113+00:00,11.002,95.0,233.1,0.44,False
fan_1_light,1,True,2026-09-30T22:25:46.278259+00:00,12.002,94.9,233.1,0.439,False
fan_1_light,1,True,2026-09-30T22:25:47.280526+00:00,13.002,94.9,233.1,0.439,False
fan_1_light,1,True,2026-09-30T22:25:48.280083+00:00,14.003,94.9,233.1,0.439,False
fan_1_light,1,True,2026-09-30T22:25:49.273749+00:00,15.003,94.7,233.1,0.439,True
fan_1_light,1,True,2026-09-30T22:25:50.273644+00:00,16.003,94.7,233.0,0.438,True
fan_1_light,1,True,2026-09-30T22:25:51.274057+00:00,17.003,94.7,233.1,0.438,True
fan_1_light,1,True,2026-09-30T22:25:52.273803+00:00,18.003,94.6,233.1,0.438,True
fan_1_light,1,True,2026-09-30T22:25:53.274067+00:00,19.003,94.6,233.0,0.438,True
fan_1_light,1,True,2026-09-30T22:25:54.279275+00:00,20.003,94.5,233.0,0.437,True
fan_1_light,1,True,2026-09-30T22:25:55.279268+00:00,21.003,94.5,233.0,0.437,True
fan_1_light,1,True,2026-09-30T22:25:56.279008+00:00,22.004,94.4,233.0,0.437,True
fan_1_light,1,True,2026-09-30T22:25:57.276382+00:00,23.004,94.4,233.0,0.437,True
fan_1_light,1,True,2026-09-30T22:25:58.274410+00:00,24.004,94.4,233.0,0.436,True
fan_1_light,1,True,2026-09-30T22:25:59.277123+00:00,25.004,94.4,233.1,0.437,True
fan_1_light,1,True,2026-09-30T22:26:00.276022+00:00,26.004,94.4,233.1,0.436,True
fan_1_light,1,True,2026-09-30T22:26:01.289464+00:00,27.005,94.3,233.1,0.436,True
fan_1_light,1,True,2026-09-30T22:26:02.275346+00:00,28.005,94.1,232.9,0.435,True
fan_1_light,1,True,2026-09-30T22:26:03.276017+00:00,29.005,94.1,232.9,0.435,True
fan_1_light,1,True,2026-09-30T22:26:04.276266+00:00,30.005,94.2,233.0,0.435,True
fan_1_light,1,True,2026-09-30T22:26:05.279637+00:00,31.005,94.1,233.0,0.435,True
fan_1_light,1,True,2026-09-30T22:26:06.286680+00:00,32.005,94.2,233.1,0.435,True
fan_1_light,1,True,2026-09-30T22:26:07.313925+00:00,33.006,94.1,233.1,0.435,True
fan_1_light,1,True,2026-09-30T22:26:08.281679+00:00,34.006,94.1,233.1,0.435,True
fan_1_light,1,True,2026-09-30T22:26:09.278297+00:00,35.006,94.0,233.1,0.434,True
fan_1_light,1,True,2026-09-30T22:26:10.282990+00:00,36.006,94.2,233.3,0.435,True
fan_1_light,1,True,2026-09-30T22:26:11.280021+00:00,37.006,94.1,233.2,0.434,True
fan_1_light,1,True,2026-09-30T22:26:12.277539+00:00,38.006,94.0,233.1,0.434,True
fan_1_light,1,True,2026-09-30T22:26:13.292808+00:00,39.009,94.0,233.1,0.434,True
fan_1_light,1,True,2026-09-30T22:26:14.292543+00:00,40.01,94.0,233.2,0.434,True
fan_1_light,1,True,2026-09-30T22:26:15.279471+00:00,41.01,93.9,233.1,0.433,True
fan_1_light,1,True,2026-09-30T22:26:16.279502+00:00,42.01,93.8,233.1,0.433,True
fan_1_light,1,True,2026-09-30T22:26:17.286598+00:00,43.01,93.9,233.1,0.433,True
fan_1_light,1,True,2026-09-30T22:26:18.283394+00:00,44.01,93.7,233.0,0.433,True
fan_1_light,1,True,2026-09-30T22:26:19.284939+00:00,45.01,93.8,233.1,0.433,True
fan_1_light,1,True,2026-09-30T22:26:20.282472+00:00,46.01,93.8,233.2,0.433,True
fan_1_light,1,True,2026-09-30T22:26:21.284880+00:00,47.011,93.7,233.2,0.432,True
fan_1_light,1,True,2026-09-30T22:26:22.280861+00:00,48.011,93.7,233.1,0.432,True
fan_1_light,1,True,2026-09-30T22:26:23.288458+00:00,49.011,93.7,233.1,0.432,True
fan_1_light,1,True,2026-09-30T22:26:24.286752+00:00,50.011,93.5,233.0,0.432,True
fan_1_light,1,True,2026-09-30T22:26:25.284755+00:00,51.011,93.6,233.1,0.432,True
fan_1_light,1,True,2026-09-30T22:26:26.288400+00:00,52.011,93.7,233.2,0.432,True
fan_1_light,1,True,2026-09-30T22:26:27.290236+00:00,53.011,93.7,233.2,0.432,True
fan_1_light,1,True,2026-09-30T22:26:28.284593+00:00,54.012,93.5,233.1,0.431,True
fan_1_light_repeat,1,True,2026-09-30T22:42:36.155341+00:00,0.0,146.1,234.6,0.646,False
fan_1_light_repeat,1,True,2026-09-30T22:42:37.120594+00:00,1.0,110.7,234.9,0.497,False
fan_1_light_repeat,1,True,2026-09-30T22:42:38.120618+00:00,2.001,85.2,235.1,0.38,False
fan_1_light_repeat,1,True,2026-09-30T22:42:39.122023+00:00,3.001,85.2,235.0,0.38,False
fan_1_light_repeat,1,True,2026-09-30T22:42:40.124352+00:00,4.001,85.1,234.9,0.38,False
fan_1_light_repeat,1,True,2026-09-30T22:42:41.126404+00:00,5.001,85.1,234.9,0.38,False
fan_1_light_repeat,1,True,2026-09-30T22:42:42.119806+00:00,6.001,85.1,234.9,0.38,False
fan_1_light_repeat,1,True,2026-09-30T22:42:43.119011+00:00,7.001,85.3,235.0,0.38,False
fan_1_light_repeat,1,True,2026-09-30T22:42:44.134197+00:00,8.001,85.4,235.0,0.381,False
fan_1_light_repeat,1,True,2026-09-30T22:42:45.124567+00:00,9.002,85.5,235.1,0.381,False
fan_1_light_repeat,1,True,2026-09-30T22:42:46.122365+00:00,10.002,85.4,235.0,0.38,False
fan_1_light_repeat,1,True,2026-09-30T22:42:47.120322+00:00,11.002,85.3,235.0,0.381,False
fan_1_light_repeat,1,True,2026-09-30T22:42:48.127824+00:00,12.002,85.4,235.0,0.381,False
fan_1_light_repeat,1,True,2026-09-30T22:42:49.139849+00:00,13.002,85.4,235.0,0.381,False
fan_1_light_repeat,1,True,2026-09-30T22:42:50.132609+00:00,14.002,85.4,235.0,0.381,False
fan_1_light_repeat,1,True,2026-09-30T22:42:51.122199+00:00,15.002,85.4,235.0,0.381,True
fan_1_light_repeat,1,True,2026-09-30T22:42:52.124857+00:00,16.003,85.3,234.9,0.381,True
fan_1_light_repeat,1,True,2026-09-30T22:42:53.134589+00:00,17.003,85.4,235.0,0.381,True
fan_1_light_repeat,1,True,2026-09-30T22:42:54.123849+00:00,18.003,85.3,234.9,0.381,True
fan_1_light_repeat,1,True,2026-09-30T22:42:55.122830+00:00,19.003,85.4,234.9,0.381,True
fan_1_light_repeat,1,True,2026-09-30T22:42:56.126516+00:00,20.003,85.3,234.8,0.381,True
fan_1_light_repeat,1,True,2026-09-30T22:42:57.122669+00:00,21.003,85.4,234.8,0.381,True
fan_1_light_repeat,1,True,2026-09-30T22:42:58.125111+00:00,22.004,85.4,234.8,0.381,True
fan_1_light_repeat,1,True,2026-09-30T22:42:59.125120+00:00,23.004,85.3,234.9,0.381,True
fan_1_light_repeat,1,True,2026-09-30T22:43:00.125887+00:00,24.004,85.4,234.8,0.381,True
fan_1_light_repeat,1,True,2026-09-30T22:43:01.127903+00:00,25.004,85.3,234.8,0.381,True
fan_1_light_repeat,1,True,2026-09-30T22:43:02.153918+00:00,26.004,85.4,234.9,0.381,True
fan_1_light_repeat,1,True,2026-09-30T22:43:03.129047+00:00,27.004,85.5,234.9,0.381,True
fan_1_light_repeat,1,True,2026-09-30T22:43:04.126209+00:00,28.005,85.4,234.8,0.381,True
fan_1_light_repeat,1,True,2026-09-30T22:43:05.125041+00:00,29.005,85.5,234.9,0.382,True
fan_1_light_repeat,1,True,2026-09-30T22:43:06.133962+00:00,30.005,85.5,234.9,0.381,True
fan_1_light_repeat,1,True,2026-09-30T22:43:07.233974+00:00,31.005,85.4,234.9,0.381,True
fan_1_light_repeat,1,True,2026-09-30T22:43:08.124749+00:00,32.005,85.5,234.9,0.382,True
fan_1_light_repeat,1,True,2026-09-30T22:43:09.127167+00:00,33.005,85.5,234.9,0.382,True
fan_1_light_repeat,1,True,2026-09-30T22:43:10.129216+00:00,34.006,85.5,234.9,0.382,True
fan_1_light_repeat,1,True,2026-09-30T22:43:11.131175+00:00,35.006,85.5,234.9,0.382,True
fan_1_light_repeat,1,True,2026-09-30T22:43:12.135915+00:00,36.006,85.5,234.9,0.382,True
fan_1_light_repeat,1,True,2026-09-30T22:43:13.128255+00:00,37.006,85.6,235.0,0.382,True
fan_1_light_repeat,1,True,2026-09-30T22:43:14.130022+00:00,38.006,85.6,235.0,0.382,True
fan_1_light_repeat,1,True,2026-09-30T22:43:15.137234+00:00,39.006,85.6,235.0,0.382,True
fan_1_light_repeat,1,True,2026-09-30T22:43:16.131022+00:00,40.006,85.5,234.9,0.382,True
fan_1_light_repeat,1,True,2026-09-30T22:43:17.138316+00:00,41.007,85.5,234.8,0.382,True
fan_1_light_repeat,1,True,2026-09-30T22:43:18.129543+00:00,42.007,85.6,234.9,0.382,True
fan_1_light_repeat,1,True,2026-09-30T22:43:19.139520+00:00,43.007,85.5,234.8,0.382,True
fan_1_light_repeat,1,True,2026-09-30T22:43:20.128768+00:00,44.007,85.6,234.9,0.382,True
fan_2_dark,2,False,2026-09-30T22:30:42.741378+00:00,0.0,83.9,233.2,0.386,False
fan_2_dark,2,False,2026-09-30T22:30:43.706616+00:00,1.0,95.5,233.2,0.444,False
fan_2_dark,2,False,2026-09-30T22:30:44.715973+00:00,2.0,148.1,233.0,0.678,False
fan_2_dark,2,False,2026-09-30T22:30:45.712169+00:00,3.001,149.7,233.0,0.683,False
fan_2_dark,2,False,2026-09-30T22:30:46.703742+00:00,4.001,149.5,233.0,0.681,False
fan_2_dark,2,False,2026-09-30T22:30:47.704508+00:00,5.001,149.4,233.0,0.681,False
fan_2_dark,2,False,2026-09-30T22:30:48.708899+00:00,6.001,149.4,233.0,0.681,False
fan_2_dark,2,False,2026-09-30T22:30:49.703843+00:00,7.001,149.2,232.9,0.68,False
fan_2_dark,2,False,2026-09-30T22:30:50.720381+00:00,8.001,149.3,233.1,0.68,False
fan_2_dark,2,False,2026-09-30T22:30:51.707620+00:00,9.001,149.1,233.0,0.679,False
fan_2_dark,2,False,2026-09-30T22:30:52.706097+00:00,10.002,148.8,232.9,0.678,False
fan_2_dark,2,False,2026-09-30T22:30:53.704518+00:00,11.002,148.9,233.0,0.678,False
fan_2_dark,2,False,2026-09-30T22:30:54.717216+00:00,12.002,148.8,233.0,0.678,False
fan_2_dark,2,False,2026-09-30T22:30:55.705793+00:00,13.002,148.8,233.0,0.678,False
fan_2_dark,2,False,2026-09-30T22:30:56.704116+00:00,14.002,148.6,233.0,0.677,False
fan_2_dark,2,False,2026-09-30T22:30:57.708492+00:00,15.002,148.5,232.9,0.676,True
fan_2_dark,2,False,2026-09-30T22:30:58.713134+00:00,16.002,148.6,233.0,0.676,True
fan_2_dark,2,False,2026-09-30T22:30:59.712071+00:00,17.003,148.6,233.1,0.676,True
fan_2_dark,2,False,2026-09-30T22:31:00.712524+00:00,18.003,148.4,233.0,0.676,True
fan_2_dark,2,False,2026-09-30T22:31:01.714476+00:00,19.003,148.3,232.9,0.675,True
fan_2_dark,2,False,2026-09-30T22:31:02.707637+00:00,20.003,148.2,232.9,0.675,True
fan_2_dark,2,False,2026-09-30T22:31:03.715073+00:00,21.003,148.1,232.9,0.674,True
fan_2_dark,2,False,2026-09-30T22:31:04.709362+00:00,22.003,148.1,232.9,0.674,True
fan_2_dark,2,False,2026-09-30T22:31:05.712474+00:00,23.004,148.1,233.0,0.674,True
fan_2_dark,2,False,2026-09-30T22:31:06.709372+00:00,24.004,148.1,233.0,0.674,True
fan_2_dark,2,False,2026-09-30T22:31:07.709896+00:00,25.004,148.0,232.9,0.673,True
fan_2_dark,2,False,2026-09-30T22:31:08.712621+00:00,26.004,148.1,233.1,0.674,True
fan_2_dark,2,False,2026-09-30T22:31:09.719136+00:00,27.004,148.0,233.0,0.673,True
fan_2_dark,2,False,2026-09-30T22:31:10.714103+00:00,28.004,147.8,233.0,0.672,True
fan_2_dark,2,False,2026-09-30T22:31:11.710971+00:00,29.004,147.8,233.0,0.672,True
fan_2_dark,2,False,2026-09-30T22:31:12.719505+00:00,30.005,147.8,233.0,0.672,True
fan_2_dark,2,False,2026-09-30T22:31:13.712148+00:00,31.005,147.8,233.0,0.672,True
fan_2_dark,2,False,2026-09-30T22:31:14.710293+00:00,32.005,147.7,232.9,0.672,True
fan_2_dark,2,False,2026-09-30T22:31:15.714438+00:00,33.005,147.5,232.9,0.671,True
fan_2_dark,2,False,2026-09-30T22:31:16.715708+00:00,34.005,147.6,232.9,0.671,True
fan_2_dark,2,False,2026-09-30T22:31:17.712449+00:00,35.005,147.4,232.9,0.67,True
fan_2_dark,2,False,2026-09-30T22:31:18.714986+00:00,36.005,147.5,232.9,0.67,True
fan_2_dark,2,False,2026-09-30T22:31:19.712522+00:00,37.006,147.4,233.0,0.67,True
fan_2_dark,2,False,2026-09-30T22:31:20.709840+00:00,38.006,147.6,233.1,0.67,True
fan_2_dark,2,False,2026-09-30T22:31:21.715171+00:00,39.006,147.5,233.0,0.67,True
fan_2_dark,2,False,2026-09-30T22:31:22.717459+00:00,40.006,147.3,233.0,0.669,True
fan_2_dark,2,False,2026-09-30T22:31:23.709289+00:00,41.006,147.3,233.0,0.669,True
fan_2_dark,2,False,2026-09-30T22:31:24.716659+00:00,42.006,147.2,233.0,0.669,True
fan_2_dark,2,False,2026-09-30T22:31:25.720919+00:00,43.007,147.3,233.1,0.669,True
fan_2_dark,2,False,2026-09-30T22:31:26.715828+00:00,44.007,147.2,233.1,0.668,True
fan_2_dark,2,False,2026-09-30T22:31:27.712983+00:00,45.007,147.1,233.0,0.668,True
fan_2_dark,2,False,2026-09-30T22:31:28.717865+00:00,46.007,147.2,233.0,0.668,True
fan_2_dark,2,False,2026-09-30T22:31:29.717760+00:00,47.007,147.0,232.9,0.667,True
fan_2_dark,2,False,2026-09-30T22:31:30.714009+00:00,48.008,146.9,232.9,0.667,True
fan_2_dark,2,False,2026-09-30T22:31:31.724712+00:00,49.008,146.9,233.0,0.667,True
fan_2_dark,2,False,2026-09-30T22:31:32.714236+00:00,50.008,146.8,232.9,0.667,True
fan_2_dark,2,False,2026-09-30T22:31:33.717227+00:00,51.009,146.7,232.9,0.666,True
fan_2_dark,2,False,2026-09-30T22:31:34.720461+00:00,52.009,146.8,233.0,0.666,True
fan_2_dark,2,False,2026-09-30T22:31:35.718698+00:00,53.009,146.8,233.0,0.666,True
fan_2_dark,2,False,2026-09-30T22:31:36.713276+00:00,54.01,146.5,232.8,0.665,True
fan_2_dark_repeat,2,False,2026-09-30T22:40:02.927324+00:00,0.0,206.4,234.2,0.896,False
fan_2_dark_repeat,2,False,2026-09-30T22:40:03.904733+00:00,1.0,140.5,234.4,0.622,False
fan_2_dark_repeat,2,False,2026-09-30T22:40:04.903168+00:00,2.0,141.3,234.5,0.628,False
fan_2_dark_repeat,2,False,2026-09-30T22:40:05.903360+00:00,3.001,141.7,234.5,0.631,False
fan_2_dark_repeat,2,False,2026-09-30T22:40:06.906290+00:00,4.001,141.7,234.4,0.632,False
fan_2_dark_repeat,2,False,2026-09-30T22:40:07.910410+00:00,5.001,141.7,234.5,0.631,False
fan_2_dark_repeat,2,False,2026-09-30T22:40:08.903764+00:00,6.001,141.7,234.6,0.631,False
fan_2_dark_repeat,2,False,2026-09-30T22:40:09.911844+00:00,7.001,141.7,234.5,0.631,False
fan_2_dark_repeat,2,False,2026-09-30T22:40:10.901830+00:00,8.001,141.6,234.5,0.631,False
fan_2_dark_repeat,2,False,2026-09-30T22:40:11.906077+00:00,9.002,141.6,234.5,0.631,False
fan_2_dark_repeat,2,False,2026-09-30T22:40:12.908043+00:00,10.002,141.5,234.5,0.631,False
fan_2_dark_repeat,2,False,2026-09-30T22:40:13.910185+00:00,11.002,141.7,234.6,0.631,False
fan_2_dark_repeat,2,False,2026-09-30T22:40:14.904297+00:00,12.002,141.7,234.7,0.631,False
fan_2_dark_repeat,2,False,2026-09-30T22:40:15.914130+00:00,13.002,141.6,234.6,0.631,False
fan_2_dark_repeat,2,False,2026-09-30T22:40:16.911490+00:00,14.003,141.6,234.6,0.63,False
fan_2_dark_repeat,2,False,2026-09-30T22:40:17.906175+00:00,15.003,141.6,234.6,0.63,True
fan_2_dark_repeat,2,False,2026-09-30T22:40:18.917496+00:00,16.003,141.5,234.6,0.63,True
fan_2_dark_repeat,2,False,2026-09-30T22:40:19.909268+00:00,17.003,141.4,234.5,0.63,True
fan_2_dark_repeat,2,False,2026-09-30T22:40:20.904764+00:00,18.003,141.5,234.5,0.63,True
fan_2_dark_repeat,2,False,2026-09-30T22:40:21.910648+00:00,19.003,141.4,234.6,0.63,True
fan_2_dark_repeat,2,False,2026-09-30T22:40:22.909577+00:00,20.003,141.5,234.6,0.63,True
fan_2_dark_repeat,2,False,2026-09-30T22:40:23.910838+00:00,21.004,141.4,234.6,0.63,True
fan_2_dark_repeat,2,False,2026-09-30T22:40:24.908131+00:00,22.004,141.3,234.6,0.629,True
fan_2_dark_repeat,2,False,2026-09-30T22:40:25.905909+00:00,23.004,141.3,234.6,0.629,True
fan_2_dark_repeat,2,False,2026-09-30T22:40:26.907132+00:00,24.004,141.3,234.6,0.629,True
fan_2_dark_repeat,2,False,2026-09-30T22:40:27.925899+00:00,25.004,141.3,234.5,0.629,True
fan_2_dark_repeat,2,False,2026-09-30T22:40:28.908944+00:00,26.004,141.2,234.5,0.629,True
fan_2_dark_repeat,2,False,2026-09-30T22:40:29.908271+00:00,27.005,141.2,234.6,0.629,True
fan_2_dark_repeat,2,False,2026-09-30T22:40:30.909002+00:00,28.005,141.2,234.5,0.629,True
fan_2_dark_repeat,2,False,2026-09-30T22:40:31.925155+00:00,29.005,141.2,234.5,0.629,True
fan_2_dark_repeat,2,False,2026-09-30T22:40:32.914298+00:00,30.005,140.9,234.3,0.629,True
fan_2_dark_repeat,2,False,2026-09-30T22:40:33.907051+00:00,31.005,140.9,234.3,0.628,True
fan_2_dark_repeat,2,False,2026-09-30T22:40:34.908799+00:00,32.005,140.9,234.3,0.628,True
fan_2_dark_repeat,2,False,2026-09-30T22:40:35.910277+00:00,33.005,140.9,234.3,0.629,True
fan_2_dark_repeat,2,False,2026-09-30T22:40:36.907946+00:00,34.006,141.0,234.4,0.628,True
fan_2_dark_repeat,2,False,2026-09-30T22:40:37.917558+00:00,35.006,141.0,234.4,0.628,True
fan_2_dark_repeat,2,False,2026-09-30T22:40:38.905508+00:00,36.006,141.0,234.4,0.628,True
fan_2_dark_repeat,2,False,2026-09-30T22:40:39.910014+00:00,37.006,141.0,234.5,0.628,True
fan_2_dark_repeat,2,False,2026-09-30T22:40:40.922954+00:00,38.006,141.0,234.4,0.628,True
fan_2_dark_repeat,2,False,2026-09-30T22:40:41.913202+00:00,39.006,140.9,234.4,0.628,True
fan_2_dark_repeat,2,False,2026-09-30T22:40:42.907079+00:00,40.006,140.9,234.4,0.628,True
fan_2_dark_repeat,2,False,2026-09-30T22:40:43.906552+00:00,41.006,140.9,234.4,0.628,True
fan_2_dark_repeat,2,False,2026-09-30T22:40:44.914008+00:00,42.007,140.8,234.4,0.627,True
fan_2_dark_repeat,2,False,2026-09-30T22:40:45.909831+00:00,43.007,140.9,234.4,0.628,True
fan_2_dark_repeat,2,False,2026-09-30T22:40:46.920969+00:00,44.007,140.9,234.4,0.628,True
fan_2_light,2,True,2026-09-30T22:31:50.363868+00:00,0.0,146.1,232.9,0.663,False
fan_2_light,2,True,2026-09-30T22:31:51.326397+00:00,1.0,149.4,232.9,0.693,False
fan_2_light,2,True,2026-09-30T22:31:52.328061+00:00,2.001,152.2,232.8,0.687,False
fan_2_light,2,True,2026-09-30T22:31:53.333502+00:00,3.001,152.2,232.8,0.687,False
fan_2_light,2,True,2026-09-30T22:31:54.324776+00:00,4.001,152.3,232.9,0.687,False
fan_2_light,2,True,2026-09-30T22:31:55.337837+00:00,5.001,152.2,232.9,0.687,False
fan_2_light,2,True,2026-09-30T22:31:56.329494+00:00,6.001,152.2,232.8,0.686,False
fan_2_light,2,True,2026-09-30T22:31:57.329312+00:00,7.001,152.2,232.9,0.686,False
fan_2_light,2,True,2026-09-30T22:31:58.332514+00:00,8.002,152.1,232.9,0.686,False
fan_2_light,2,True,2026-09-30T22:31:59.325066+00:00,9.002,152.0,232.8,0.686,False
fan_2_light,2,True,2026-09-30T22:32:00.327751+00:00,10.002,152.0,232.8,0.686,False
fan_2_light,2,True,2026-09-30T22:32:01.336305+00:00,11.002,151.9,232.8,0.685,False
fan_2_light,2,True,2026-09-30T22:32:02.330169+00:00,12.002,152.0,232.9,0.685,False
fan_2_light,2,True,2026-09-30T22:32:03.333744+00:00,13.002,151.9,232.9,0.685,False
fan_2_light,2,True,2026-09-30T22:32:04.328616+00:00,14.002,151.9,232.9,0.685,False
fan_2_light,2,True,2026-09-30T22:32:05.329290+00:00,15.002,152.0,233.0,0.685,True
fan_2_light,2,True,2026-09-30T22:32:06.332652+00:00,16.003,151.8,232.9,0.684,True
fan_2_light,2,True,2026-09-30T22:32:07.363876+00:00,17.003,151.8,232.9,0.684,True
fan_2_light,2,True,2026-09-30T22:32:08.328374+00:00,18.003,151.7,232.9,0.684,True
fan_2_light,2,True,2026-09-30T22:32:09.333116+00:00,19.003,151.7,232.9,0.684,True
fan_2_light,2,True,2026-09-30T22:32:10.342452+00:00,20.003,151.7,232.9,0.684,True
fan_2_light,2,True,2026-09-30T22:32:11.329471+00:00,21.004,151.7,232.9,0.684,True
fan_2_light,2,True,2026-09-30T22:32:12.329061+00:00,22.004,151.9,233.0,0.684,True
fan_2_light,2,True,2026-09-30T22:32:13.329436+00:00,23.004,151.8,233.0,0.684,True
fan_2_light,2,True,2026-09-30T22:32:14.332687+00:00,24.004,151.8,233.0,0.684,True
fan_2_light,2,True,2026-09-30T22:32:15.334500+00:00,25.004,151.7,233.0,0.683,True
fan_2_light,2,True,2026-09-30T22:32:16.349841+00:00,26.004,151.4,232.8,0.682,True
fan_2_light,2,True,2026-09-30T22:32:17.333937+00:00,27.004,151.2,232.8,0.682,True
fan_2_light,2,True,2026-09-30T22:32:18.330794+00:00,28.005,151.4,232.9,0.682,True
fan_2_light,2,True,2026-09-30T22:32:19.336377+00:00,29.005,151.4,232.9,0.682,True
fan_2_light,2,True,2026-09-30T22:32:20.340387+00:00,30.005,151.4,232.9,0.682,True
fan_2_light,2,True,2026-09-30T22:32:21.331748+00:00,31.005,151.4,232.9,0.682,True
fan_2_light,2,True,2026-09-30T22:32:22.333227+00:00,32.005,151.4,232.9,0.682,True
fan_2_light,2,True,2026-09-30T22:32:23.344594+00:00,33.005,151.3,232.8,0.681,True
fan_2_light,2,True,2026-09-30T22:32:24.333159+00:00,34.006,151.2,232.9,0.681,True
fan_2_light,2,True,2026-09-30T22:32:25.331918+00:00,35.006,151.3,233.0,0.681,True
fan_2_light,2,True,2026-09-30T22:32:26.336079+00:00,36.006,151.3,232.9,0.681,True
fan_2_light,2,True,2026-09-30T22:32:27.334456+00:00,37.006,151.1,232.9,0.68,True
fan_2_light,2,True,2026-09-30T22:32:28.334246+00:00,38.006,151.1,232.9,0.679,True
fan_2_light,2,True,2026-09-30T22:32:29.331170+00:00,39.006,151.2,233.0,0.679,True
fan_2_light,2,True,2026-09-30T22:32:30.336043+00:00,40.006,151.1,233.0,0.68,True
fan_2_light,2,True,2026-09-30T22:32:31.334734+00:00,41.007,151.0,232.9,0.679,True
fan_2_light,2,True,2026-09-30T22:32:32.346396+00:00,42.007,151.2,233.0,0.679,True
fan_2_light,2,True,2026-09-30T22:32:33.339697+00:00,43.007,151.1,233.0,0.679,True
fan_2_light,2,True,2026-09-30T22:32:34.333234+00:00,44.007,144.6,227.9,0.665,True
fan_2_light,2,True,2026-09-30T22:32:35.332780+00:00,45.007,148.0,230.5,0.673,True
fan_2_light,2,True,2026-09-30T22:32:36.342241+00:00,46.007,148.0,230.6,0.674,True
fan_2_light,2,True,2026-09-30T22:32:37.333077+00:00,47.007,148.3,230.8,0.674,True
fan_2_light,2,True,2026-09-30T22:32:38.333263+00:00,48.008,148.4,231.0,0.674,True
fan_2_light,2,True,2026-09-30T22:32:39.335956+00:00,49.008,148.3,230.9,0.673,True
fan_2_light,2,True,2026-09-30T22:32:40.335313+00:00,50.008,148.2,230.9,0.673,True
fan_2_light,2,True,2026-09-30T22:32:41.333624+00:00,51.008,148.1,230.8,0.673,True
fan_2_light,2,True,2026-09-30T22:32:42.344169+00:00,52.008,148.1,230.9,0.673,True
fan_2_light,2,True,2026-09-30T22:32:43.335151+00:00,53.008,148.2,230.9,0.673,True
fan_2_light,2,True,2026-09-30T22:32:44.337960+00:00,54.009,148.3,230.9,0.673,True
fan_2_light_repeat,2,True,2026-09-30T22:41:40.624794+00:00,0.0,140.5,234.7,0.624,False
fan_2_light_repeat,2,True,2026-09-30T22:41:41.602330+00:00,1.0,145.6,234.7,0.67,False
fan_2_light_repeat,2,True,2026-09-30T22:41:42.596025+00:00,2.001,146.8,234.7,0.65,False
fan_2_light_repeat,2,True,2026-09-30T22:41:43.589725+00:00,3.001,146.8,234.7,0.65,False
fan_2_light_repeat,2,True,2026-09-30T22:41:44.592326+00:00,4.001,146.8,234.7,0.65,False
fan_2_light_repeat,2,True,2026-09-30T22:41:45.591384+00:00,5.001,146.8,234.7,0.65,False
fan_2_light_repeat,2,True,2026-09-30T22:41:46.596500+00:00,6.001,146.8,234.7,0.65,False
fan_2_light_repeat,2,True,2026-09-30T22:41:47.591473+00:00,7.001,146.8,234.7,0.65,False
fan_2_light_repeat,2,True,2026-09-30T22:41:48.591070+00:00,8.002,146.7,234.7,0.649,False
fan_2_light_repeat,2,True,2026-09-30T22:41:49.595920+00:00,9.002,146.6,234.7,0.649,False
fan_2_light_repeat,2,True,2026-09-30T22:41:50.591520+00:00,10.002,146.7,234.7,0.649,False
fan_2_light_repeat,2,True,2026-09-30T22:41:51.604016+00:00,11.002,146.6,234.6,0.649,False
fan_2_light_repeat,2,True,2026-09-30T22:41:52.601138+00:00,12.002,146.5,234.6,0.649,False
fan_2_light_repeat,2,True,2026-09-30T22:41:53.598904+00:00,13.002,146.6,234.6,0.649,False
fan_2_light_repeat,2,True,2026-09-30T22:41:54.598480+00:00,14.002,146.6,234.6,0.649,False
fan_2_light_repeat,2,True,2026-09-30T22:41:55.597077+00:00,15.003,146.6,234.7,0.649,True
fan_2_light_repeat,2,True,2026-09-30T22:41:56.598071+00:00,16.003,146.4,234.7,0.648,True
fan_2_light_repeat,2,True,2026-09-30T22:41:57.595348+00:00,17.003,146.5,234.7,0.648,True
fan_2_light_repeat,2,True,2026-09-30T22:41:58.596124+00:00,18.003,146.5,234.7,0.648,True
fan_2_light_repeat,2,True,2026-09-30T22:41:59.598231+00:00,19.003,146.7,234.8,0.649,True
fan_2_light_repeat,2,True,2026-09-30T22:42:00.600402+00:00,20.003,146.6,234.8,0.649,True
fan_2_light_repeat,2,True,2026-09-30T22:42:01.595496+00:00,21.003,146.7,234.8,0.648,True
fan_2_light_repeat,2,True,2026-09-30T22:42:02.609140+00:00,22.004,146.6,234.8,0.648,True
fan_2_light_repeat,2,True,2026-09-30T22:42:03.604093+00:00,23.004,146.7,234.8,0.648,True
fan_2_light_repeat,2,True,2026-09-30T22:42:04.600514+00:00,24.004,146.5,234.7,0.648,True
fan_2_light_repeat,2,True,2026-09-30T22:42:05.600544+00:00,25.004,146.4,234.7,0.648,True
fan_2_light_repeat,2,True,2026-09-30T22:42:06.598355+00:00,26.004,146.7,234.8,0.648,True
fan_2_light_repeat,2,True,2026-09-30T22:42:07.596597+00:00,27.004,146.4,234.7,0.648,True
fan_2_light_repeat,2,True,2026-09-30T22:42:08.597948+00:00,28.005,146.4,234.7,0.648,True
fan_2_light_repeat,2,True,2026-09-30T22:42:09.597714+00:00,29.005,146.5,234.8,0.648,True
fan_2_light_repeat,2,True,2026-09-30T22:42:10.601881+00:00,30.005,146.6,234.8,0.649,True
fan_2_light_repeat,2,True,2026-09-30T22:42:11.596067+00:00,31.005,146.6,234.8,0.648,True
fan_2_light_repeat,2,True,2026-09-30T22:42:12.605235+00:00,32.005,146.6,234.8,0.648,True
fan_2_light_repeat,2,True,2026-09-30T22:42:13.601673+00:00,33.005,146.4,234.7,0.648,True
fan_2_light_repeat,2,True,2026-09-30T22:42:14.595464+00:00,34.005,146.5,234.8,0.648,True
fan_2_light_repeat,2,True,2026-09-30T22:42:15.600567+00:00,35.006,146.5,234.8,0.647,True
fan_2_light_repeat,2,True,2026-09-30T22:42:16.601367+00:00,36.006,146.4,234.8,0.647,True
fan_2_light_repeat,2,True,2026-09-30T22:42:17.597786+00:00,37.006,146.3,234.8,0.647,True
fan_2_light_repeat,2,True,2026-09-30T22:42:18.597730+00:00,38.006,146.5,234.9,0.647,True
fan_2_light_repeat,2,True,2026-09-30T22:42:19.600247+00:00,39.006,146.7,234.9,0.648,True
fan_2_light_repeat,2,True,2026-09-30T22:42:20.600052+00:00,40.006,146.6,234.9,0.648,True
fan_2_light_repeat,2,True,2026-09-30T22:42:21.600532+00:00,41.006,146.8,235.0,0.648,True
fan_2_light_repeat,2,True,2026-09-30T22:42:22.602600+00:00,42.007,146.6,234.9,0.648,True
fan_2_light_repeat,2,True,2026-09-30T22:42:23.601653+00:00,43.007,146.6,234.9,0.648,True
fan_2_light_repeat,2,True,2026-09-30T22:42:24.603292+00:00,44.007,146.7,235.0,0.649,True
fan_3_dark,3,False,2026-09-30T22:34:34.341681+00:00,0.0,214.6,232.5,0.939,False
fan_3_dark,3,False,2026-09-30T22:34:35.307503+00:00,1.0,214.5,232.6,0.939,False
fan_3_dark,3,False,2026-09-30T22:34:36.300393+00:00,2.001,211.7,232.6,0.927,False
fan_3_dark,3,False,2026-09-30T22:34:37.308470+00:00,3.001,208.1,232.6,0.911,False
fan_3_dark,3,False,2026-09-30T22:34:38.303810+00:00,4.001,208.1,232.6,0.911,False
fan_3_dark,3,False,2026-09-30T22:34:39.312126+00:00,5.001,208.1,232.6,0.911,False
fan_3_dark,3,False,2026-09-30T22:34:40.302385+00:00,6.001,207.8,232.6,0.91,False
fan_3_dark,3,False,2026-09-30T22:34:41.302553+00:00,7.001,207.6,232.6,0.909,False
fan_3_dark,3,False,2026-09-30T22:34:42.310392+00:00,8.001,207.7,232.7,0.909,False
fan_3_dark,3,False,2026-09-30T22:34:43.305758+00:00,9.002,207.8,232.7,0.909,False
fan_3_dark,3,False,2026-09-30T22:34:44.303754+00:00,10.002,207.4,232.7,0.908,False
fan_3_dark,3,False,2026-09-30T22:34:45.307526+00:00,11.002,207.7,232.7,0.909,False
fan_3_dark,3,False,2026-09-30T22:34:46.305320+00:00,12.002,208.1,232.7,0.911,False
fan_3_dark,3,False,2026-09-30T22:34:47.303814+00:00,13.002,208.3,232.6,0.912,False
fan_3_dark,3,False,2026-09-30T22:34:48.310464+00:00,14.002,209.0,233.2,0.913,False
fan_3_dark,3,False,2026-09-30T22:34:49.303907+00:00,15.003,210.5,234.8,0.913,True
fan_3_dark,3,False,2026-09-30T22:34:50.303003+00:00,16.003,209.7,234.8,0.909,True
fan_3_dark,3,False,2026-09-30T22:34:51.305809+00:00,17.003,209.4,234.7,0.908,True
fan_3_dark,3,False,2026-09-30T22:34:52.307902+00:00,18.003,209.9,234.8,0.91,True
fan_3_dark,3,False,2026-09-30T22:34:53.302364+00:00,19.003,210.0,234.8,0.91,True
fan_3_dark,3,False,2026-09-30T22:34:54.303514+00:00,20.003,209.5,234.9,0.907,True
fan_3_dark,3,False,2026-09-30T22:34:55.310611+00:00,21.003,209.5,234.9,0.908,True
fan_3_dark,3,False,2026-09-30T22:34:56.304367+00:00,22.004,209.5,234.8,0.908,True
fan_3_dark,3,False,2026-09-30T22:34:57.305135+00:00,23.004,209.7,234.9,0.908,True
fan_3_dark,3,False,2026-09-30T22:34:58.308119+00:00,24.004,210.3,234.9,0.911,True
fan_3_dark,3,False,2026-09-30T22:34:59.311708+00:00,25.004,210.1,234.8,0.911,True
fan_3_dark,3,False,2026-09-30T22:35:00.307351+00:00,26.004,209.5,234.5,0.909,True
fan_3_dark,3,False,2026-09-30T22:35:01.320473+00:00,27.004,209.5,234.6,0.909,True
fan_3_dark,3,False,2026-09-30T22:35:02.316629+00:00,28.005,209.4,234.5,0.909,True
fan_3_dark,3,False,2026-09-30T22:35:03.307454+00:00,29.005,209.7,234.6,0.91,True
fan_3_dark,3,False,2026-09-30T22:35:04.319997+00:00,30.005,209.8,234.7,0.91,True
fan_3_dark,3,False,2026-09-30T22:35:05.313620+00:00,31.005,209.5,234.6,0.909,True
fan_3_dark,3,False,2026-09-30T22:35:06.306870+00:00,32.005,209.5,234.6,0.909,True
fan_3_dark,3,False,2026-09-30T22:35:07.360223+00:00,33.006,209.5,234.5,0.909,True
fan_3_dark,3,False,2026-09-30T22:35:08.315502+00:00,34.006,209.5,234.5,0.909,True
fan_3_dark,3,False,2026-09-30T22:35:09.318232+00:00,35.006,209.4,234.6,0.908,True
fan_3_dark,3,False,2026-09-30T22:35:10.330588+00:00,36.006,209.4,234.8,0.907,True
fan_3_dark,3,False,2026-09-30T22:35:11.307588+00:00,37.006,209.4,234.9,0.907,True
fan_3_dark,3,False,2026-09-30T22:35:12.318836+00:00,38.006,209.2,234.8,0.906,True
fan_3_dark,3,False,2026-09-30T22:35:13.307237+00:00,39.006,209.5,234.9,0.907,True
fan_3_dark,3,False,2026-09-30T22:35:14.318158+00:00,40.006,209.6,234.9,0.908,True
fan_3_dark,3,False,2026-09-30T22:35:15.311038+00:00,41.007,209.3,234.8,0.907,True
fan_3_dark,3,False,2026-09-30T22:35:16.307616+00:00,42.007,209.0,234.8,0.906,True
fan_3_dark,3,False,2026-09-30T22:35:17.330939+00:00,43.007,208.7,234.8,0.904,True
fan_3_dark,3,False,2026-09-30T22:35:18.316297+00:00,44.007,208.9,234.8,0.905,True
fan_3_dark,3,False,2026-09-30T22:35:19.310492+00:00,45.007,209.0,234.8,0.905,True
fan_3_dark,3,False,2026-09-30T22:35:20.323291+00:00,46.008,208.9,234.6,0.906,True
fan_3_dark,3,False,2026-09-30T22:35:21.309351+00:00,47.008,209.0,234.7,0.906,True
fan_3_dark,3,False,2026-09-30T22:35:22.313333+00:00,48.008,209.2,234.8,0.906,True
fan_3_dark,3,False,2026-09-30T22:35:23.318734+00:00,49.008,208.6,234.8,0.903,True
fan_3_dark,3,False,2026-09-30T22:35:24.308285+00:00,50.008,208.4,234.9,0.902,True
fan_3_dark,3,False,2026-09-30T22:35:25.311952+00:00,51.008,208.6,234.8,0.903,True
fan_3_dark,3,False,2026-09-30T22:35:26.317657+00:00,52.008,208.6,234.7,0.903,True
fan_3_dark,3,False,2026-09-30T22:35:27.318798+00:00,53.009,208.8,234.8,0.904,True
fan_3_dark,3,False,2026-09-30T22:35:28.309389+00:00,54.009,209.0,234.9,0.905,True
fan_3_dark_repeat,3,False,2026-09-30T22:38:55.479876+00:00,0.0,214.9,234.4,0.932,False
fan_3_dark_repeat,3,False,2026-09-30T22:38:56.447979+00:00,1.0,212.5,234.4,0.922,False
fan_3_dark_repeat,3,False,2026-09-30T22:38:57.468786+00:00,2.001,208.4,234.4,0.904,False
fan_3_dark_repeat,3,False,2026-09-30T22:38:58.455313+00:00,3.001,208.3,234.4,0.904,False
fan_3_dark_repeat,3,False,2026-09-30T22:38:59.449550+00:00,4.001,208.2,234.5,0.903,False
fan_3_dark_repeat,3,False,2026-09-30T22:39:00.449921+00:00,5.001,208.2,234.5,0.903,False
fan_3_dark_repeat,3,False,2026-09-30T22:39:01.449123+00:00,6.001,208.2,234.4,0.903,False
fan_3_dark_repeat,3,False,2026-09-30T22:39:02.450264+00:00,7.001,208.2,234.4,0.903,False
fan_3_dark_repeat,3,False,2026-09-30T22:39:03.456683+00:00,8.002,208.2,234.5,0.903,False
fan_3_dark_repeat,3,False,2026-09-30T22:39:04.453661+00:00,9.002,208.1,234.4,0.903,False
fan_3_dark_repeat,3,False,2026-09-30T22:39:05.450309+00:00,10.002,208.0,234.4,0.903,False
fan_3_dark_repeat,3,False,2026-09-30T22:39:06.457047+00:00,11.002,208.1,234.3,0.904,False
fan_3_dark_repeat,3,False,2026-09-30T22:39:07.452481+00:00,12.002,208.0,234.2,0.903,False
fan_3_dark_repeat,3,False,2026-09-30T22:39:08.461744+00:00,13.002,208.1,234.2,0.904,False
fan_3_dark_repeat,3,False,2026-09-30T22:39:09.456556+00:00,14.003,208.4,234.3,0.905,False
fan_3_dark_repeat,3,False,2026-09-30T22:39:10.449833+00:00,15.003,208.3,234.4,0.904,True
fan_3_dark_repeat,3,False,2026-09-30T22:39:11.449039+00:00,16.003,208.4,234.3,0.905,True
fan_3_dark_repeat,3,False,2026-09-30T22:39:12.453260+00:00,17.003,208.3,234.3,0.905,True
fan_3_dark_repeat,3,False,2026-09-30T22:39:13.449823+00:00,18.003,208.1,234.3,0.904,True
fan_3_dark_repeat,3,False,2026-09-30T22:39:14.453908+00:00,19.004,207.9,234.3,0.903,True
fan_3_dark_repeat,3,False,2026-09-30T22:39:15.466527+00:00,20.004,207.9,234.4,0.902,True
fan_3_dark_repeat,3,False,2026-09-30T22:39:16.456058+00:00,21.004,207.7,234.4,0.901,True
fan_3_dark_repeat,3,False,2026-09-30T22:39:17.451169+00:00,22.004,207.7,234.4,0.901,True
fan_3_dark_repeat,3,False,2026-09-30T22:39:18.455005+00:00,23.004,207.7,234.4,0.901,True
fan_3_dark_repeat,3,False,2026-09-30T22:39:19.459360+00:00,24.005,207.5,234.3,0.901,True
fan_3_dark_repeat,3,False,2026-09-30T22:39:20.452584+00:00,25.005,207.5,234.3,0.9,True
fan_3_dark_repeat,3,False,2026-09-30T22:39:21.452200+00:00,26.005,207.6,234.5,0.9,True
fan_3_dark_repeat,3,False,2026-09-30T22:39:22.452006+00:00,27.005,207.4,234.4,0.9,True
fan_3_dark_repeat,3,False,2026-09-30T22:39:23.456299+00:00,28.005,207.4,234.4,0.9,True
fan_3_dark_repeat,3,False,2026-09-30T22:39:24.468625+00:00,29.005,207.4,234.4,0.9,True
fan_3_dark_repeat,3,False,2026-09-30T22:39:25.468259+00:00,30.005,207.4,234.4,0.9,True
fan_3_dark_repeat,3,False,2026-09-30T22:39:26.450760+00:00,31.005,207.6,234.5,0.9,True
fan_3_dark_repeat,3,False,2026-09-30T22:39:27.453616+00:00,32.006,207.4,234.5,0.899,True
fan_3_dark_repeat,3,False,2026-09-30T22:39:28.462103+00:00,33.006,207.4,234.4,0.899,True
fan_3_dark_repeat,3,False,2026-09-30T22:39:29.457154+00:00,34.006,207.2,234.5,0.899,True
fan_3_dark_repeat,3,False,2026-09-30T22:39:30.455645+00:00,35.006,207.4,234.5,0.899,True
fan_3_dark_repeat,3,False,2026-09-30T22:39:31.459266+00:00,36.006,207.7,234.5,0.9,True
fan_3_dark_repeat,3,False,2026-09-30T22:39:32.462387+00:00,37.006,208.1,234.4,0.903,True
fan_3_dark_repeat,3,False,2026-09-30T22:39:33.455472+00:00,38.006,208.2,234.4,0.904,True
fan_3_dark_repeat,3,False,2026-09-30T22:39:34.467262+00:00,39.007,208.0,234.5,0.902,True
fan_3_dark_repeat,3,False,2026-09-30T22:39:35.454079+00:00,40.007,207.5,234.4,0.9,True
fan_3_dark_repeat,3,False,2026-09-30T22:39:36.453937+00:00,41.007,207.1,234.4,0.898,True
fan_3_dark_repeat,3,False,2026-09-30T22:39:37.464253+00:00,42.007,206.7,234.4,0.896,True
fan_3_dark_repeat,3,False,2026-09-30T22:39:38.458640+00:00,43.007,206.8,234.3,0.897,True
fan_3_dark_repeat,3,False,2026-09-30T22:39:39.458364+00:00,44.007,207.1,234.3,0.898,True
fan_3_light,3,True,2026-09-30T22:33:18.267673+00:00,0.0,147.0,230.7,0.667,False
fan_3_light,3,True,2026-09-30T22:33:19.228061+00:00,1.0,147.0,230.7,0.667,False
fan_3_light,3,True,2026-09-30T22:33:20.240354+00:00,2.001,199.8,230.5,0.909,False
fan_3_light,3,True,2026-09-30T22:33:21.234604+00:00,3.001,220.9,232.6,0.97,False
fan_3_light,3,True,2026-09-30T22:33:22.235101+00:00,4.001,218.9,232.7,0.959,False
fan_3_light,3,True,2026-09-30T22:33:23.230933+00:00,5.001,218.2,232.7,0.956,False
fan_3_light,3,True,2026-09-30T22:33:24.244435+00:00,6.001,218.3,232.7,0.956,False
fan_3_light,3,True,2026-09-30T22:33:25.292144+00:00,7.001,217.8,232.7,0.954,False
fan_3_light,3,True,2026-09-30T22:33:26.355555+00:00,8.002,218.0,232.7,0.955,False
fan_3_light,3,True,2026-09-30T22:33:27.264726+00:00,9.002,218.1,232.6,0.956,False
fan_3_light,3,True,2026-09-30T22:33:28.228878+00:00,10.002,218.2,232.7,0.956,False
fan_3_light,3,True,2026-09-30T22:33:29.232658+00:00,11.002,218.0,232.7,0.955,False
fan_3_light,3,True,2026-09-30T22:33:30.234758+00:00,12.002,218.5,232.7,0.957,False
fan_3_light,3,True,2026-09-30T22:33:31.233273+00:00,13.002,218.5,232.7,0.958,False
fan_3_light,3,True,2026-09-30T22:33:32.231903+00:00,14.003,217.8,232.6,0.954,False
fan_3_light,3,True,2026-09-30T22:33:33.237649+00:00,15.003,217.6,232.5,0.954,True
fan_3_light,3,True,2026-09-30T22:33:34.235608+00:00,16.003,217.6,232.6,0.954,True
fan_3_light,3,True,2026-09-30T22:33:35.232040+00:00,17.003,218.0,232.6,0.955,True
fan_3_light,3,True,2026-09-30T22:33:36.232156+00:00,18.003,217.8,232.6,0.955,True
fan_3_light,3,True,2026-09-30T22:33:37.235916+00:00,19.003,217.4,232.5,0.953,True
fan_3_light,3,True,2026-09-30T22:33:38.230202+00:00,20.003,216.9,232.5,0.95,True
fan_3_light,3,True,2026-09-30T22:33:39.230203+00:00,21.004,216.7,232.5,0.95,True
fan_3_light,3,True,2026-09-30T22:33:40.237801+00:00,22.004,216.5,232.5,0.948,True
fan_3_light,3,True,2026-09-30T22:33:41.239741+00:00,23.004,216.7,232.6,0.949,True
fan_3_light,3,True,2026-09-30T22:33:42.245585+00:00,24.004,216.5,232.7,0.948,True
fan_3_light,3,True,2026-09-30T22:33:43.232377+00:00,25.004,216.6,232.6,0.948,True
fan_3_light,3,True,2026-09-30T22:33:44.242574+00:00,26.004,216.7,232.6,0.949,True
fan_3_light,3,True,2026-09-30T22:33:45.232872+00:00,27.005,216.4,232.6,0.947,True
fan_3_light,3,True,2026-09-30T22:33:46.236038+00:00,28.005,216.4,232.7,0.947,True
fan_3_light,3,True,2026-09-30T22:33:47.234569+00:00,29.005,216.6,232.9,0.947,True
fan_3_light,3,True,2026-09-30T22:33:48.233450+00:00,30.005,216.7,232.9,0.947,True
fan_3_light,3,True,2026-09-30T22:33:49.234084+00:00,31.005,216.5,232.7,0.948,True
fan_3_light,3,True,2026-09-30T22:33:50.238313+00:00,32.005,216.3,232.5,0.948,True
fan_3_light,3,True,2026-09-30T22:33:51.236536+00:00,33.006,216.3,232.5,0.948,True
fan_3_light,3,True,2026-09-30T22:33:52.241757+00:00,34.006,216.4,232.6,0.947,True
fan_3_light,3,True,2026-09-30T22:33:53.234189+00:00,35.006,216.3,232.7,0.947,True
fan_3_light,3,True,2026-09-30T22:33:54.235480+00:00,36.006,216.3,232.7,0.947,True
fan_3_light,3,True,2026-09-30T22:33:55.240590+00:00,37.006,216.3,232.6,0.947,True
fan_3_light,3,True,2026-09-30T22:33:56.264130+00:00,38.006,215.9,232.6,0.946,True
fan_3_light,3,True,2026-09-30T22:33:57.241761+00:00,39.007,215.7,232.4,0.945,True
fan_3_light,3,True,2026-09-30T22:33:58.235929+00:00,40.007,215.7,232.5,0.945,True
fan_3_light,3,True,2026-09-30T22:33:59.233196+00:00,41.007,216.0,232.6,0.946,True
fan_3_light,3,True,2026-09-30T22:34:00.241404+00:00,42.007,216.1,232.8,0.945,True
fan_3_light,3,True,2026-09-30T22:34:01.243486+00:00,43.007,215.7,232.7,0.944,True
fan_3_light,3,True,2026-09-30T22:34:02.235028+00:00,44.007,215.8,232.7,0.944,True
fan_3_light,3,True,2026-09-30T22:34:03.238267+00:00,45.008,215.6,232.7,0.944,True
fan_3_light,3,True,2026-09-30T22:34:04.241354+00:00,46.008,215.7,232.7,0.944,True
fan_3_light,3,True,2026-09-30T22:34:05.236227+00:00,47.008,215.8,232.7,0.944,True
fan_3_light,3,True,2026-09-30T22:34:06.236921+00:00,48.008,215.8,232.7,0.944,True
fan_3_light,3,True,2026-09-30T22:34:07.329514+00:00,49.008,215.8,232.7,0.944,True
fan_3_light,3,True,2026-09-30T22:34:08.243917+00:00,50.008,215.7,232.7,0.944,True
fan_3_light,3,True,2026-09-30T22:34:09.241350+00:00,51.009,215.9,232.6,0.945,True
fan_3_light,3,True,2026-09-30T22:34:10.239643+00:00,52.009,216.2,232.6,0.946,True
fan_3_light,3,True,2026-09-30T22:34:11.238525+00:00,53.009,216.3,232.6,0.947,True
fan_3_light,3,True,2026-09-30T22:34:12.236340+00:00,54.009,216.1,232.7,0.946,True
fan_3_light_repeat,3,True,2026-09-30T22:38:02.552093+00:00,0.0,236.0,234.6,1.009,False
fan_3_light_repeat,3,True,2026-09-30T22:38:03.529260+00:00,1.0,219.5,234.6,0.943,False
fan_3_light_repeat,3,True,2026-09-30T22:38:04.528106+00:00,2.0,210.2,234.7,0.908,False
fan_3_light_repeat,3,True,2026-09-30T22:38:05.541650+00:00,3.001,212.4,231.8,0.932,False
fan_3_light_repeat,3,True,2026-09-30T22:38:06.527773+00:00,4.001,212.7,230.3,0.94,False
fan_3_light_repeat,3,True,2026-09-30T22:38:07.541380+00:00,5.001,213.5,231.3,0.939,False
fan_3_light_repeat,3,True,2026-09-30T22:38:08.543286+00:00,6.001,214.3,232.4,0.938,False
fan_3_light_repeat,3,True,2026-09-30T22:38:09.538310+00:00,7.001,214.3,232.4,0.938,False
fan_3_light_repeat,3,True,2026-09-30T22:38:10.528709+00:00,8.002,214.6,232.6,0.939,False
fan_3_light_repeat,3,True,2026-09-30T22:38:11.529660+00:00,9.002,214.2,232.5,0.938,False
fan_3_light_repeat,3,True,2026-09-30T22:38:12.536946+00:00,10.002,213.6,232.4,0.935,False
fan_3_light_repeat,3,True,2026-09-30T22:38:13.530536+00:00,11.002,213.6,232.5,0.935,False
fan_3_light_repeat,3,True,2026-09-30T22:38:14.544409+00:00,12.002,213.7,232.5,0.935,False
fan_3_light_repeat,3,True,2026-09-30T22:38:15.529359+00:00,13.002,213.7,232.5,0.935,False
fan_3_light_repeat,3,True,2026-09-30T22:38:16.532371+00:00,14.002,214.0,232.4,0.937,False
fan_3_light_repeat,3,True,2026-09-30T22:38:17.531161+00:00,15.003,214.1,232.5,0.937,True
fan_3_light_repeat,3,True,2026-09-30T22:38:18.539943+00:00,16.003,214.2,232.4,0.937,True
fan_3_light_repeat,3,True,2026-09-30T22:38:19.530406+00:00,17.003,213.6,232.5,0.935,True
fan_3_light_repeat,3,True,2026-09-30T22:38:20.536447+00:00,18.003,213.6,232.5,0.934,True
fan_3_light_repeat,3,True,2026-09-30T22:38:21.537550+00:00,19.003,213.6,232.4,0.935,True
fan_3_light_repeat,3,True,2026-09-30T22:38:22.533906+00:00,20.003,213.9,232.4,0.936,True
fan_3_light_repeat,3,True,2026-09-30T22:38:23.534385+00:00,21.003,212.8,232.5,0.931,True
fan_3_light_repeat,3,True,2026-09-30T22:38:24.536386+00:00,22.004,213.2,232.4,0.933,True
fan_3_light_repeat,3,True,2026-09-30T22:38:25.550877+00:00,23.004,213.8,232.3,0.936,True
fan_3_light_repeat,3,True,2026-09-30T22:38:26.532709+00:00,24.004,214.7,232.4,0.94,True
fan_3_light_repeat,3,True,2026-09-30T22:38:27.537984+00:00,25.004,214.6,232.5,0.94,True
fan_3_light_repeat,3,True,2026-09-30T22:38:28.531862+00:00,26.004,214.6,232.5,0.939,True
fan_3_light_repeat,3,True,2026-09-30T22:38:29.536666+00:00,27.004,214.5,232.5,0.939,True
fan_3_light_repeat,3,True,2026-09-30T22:38:30.538907+00:00,28.004,214.1,232.6,0.936,True
fan_3_light_repeat,3,True,2026-09-30T22:38:31.537163+00:00,29.005,213.9,232.5,0.936,True
fan_3_light_repeat,3,True,2026-09-30T22:38:32.536746+00:00,30.005,213.7,232.4,0.935,True
fan_3_light_repeat,3,True,2026-09-30T22:38:33.531436+00:00,31.005,213.8,232.5,0.935,True
fan_3_light_repeat,3,True,2026-09-30T22:38:34.533693+00:00,32.005,213.4,232.4,0.934,True
fan_3_light_repeat,3,True,2026-09-30T22:38:35.538099+00:00,33.006,213.4,232.4,0.934,True
fan_3_light_repeat,3,True,2026-09-30T22:38:36.544494+00:00,34.006,213.3,232.3,0.934,True
fan_3_light_repeat,3,True,2026-09-30T22:38:37.538791+00:00,35.006,213.5,232.3,0.935,True
fan_3_light_repeat,3,True,2026-09-30T22:38:38.534381+00:00,36.006,213.3,232.3,0.934,True
fan_3_light_repeat,3,True,2026-09-30T22:38:39.544568+00:00,37.006,213.2,232.4,0.933,True
fan_3_light_repeat,3,True,2026-09-30T22:38:40.538545+00:00,38.006,213.2,232.4,0.933,True
fan_3_light_repeat,3,True,2026-09-30T22:38:41.531803+00:00,39.006,213.0,232.4,0.932,True
fan_3_light_repeat,3,True,2026-09-30T22:38:42.535242+00:00,40.007,213.4,232.4,0.934,True
fan_3_light_repeat,3,True,2026-09-30T22:38:43.536053+00:00,41.007,213.1,232.3,0.933,True
fan_3_light_repeat,3,True,2026-09-30T22:38:44.534286+00:00,42.007,212.6,231.6,0.933,True
fan_3_light_repeat,3,True,2026-09-30T22:38:45.540009+00:00,43.007,212.7,231.8,0.933,True
fan_3_light_repeat,3,True,2026-09-30T22:38:46.541973+00:00,44.007,212.5,231.7,0.933,True
fan_4_dark,4,False,2026-09-30T22:35:41.515197+00:00,0.0,208.7,234.9,0.903,False
fan_4_dark,4,False,2026-09-30T22:35:42.457543+00:00,1.001,249.2,234.9,1.077,False
fan_4_dark,4,False,2026-09-30T22:35:43.460605+00:00,2.001,228.6,234.9,0.975,False
fan_4_dark,4,False,2026-09-30T22:35:44.469961+00:00,3.001,227.8,234.9,0.972,False
fan_4_dark,4,False,2026-09-30T22:35:45.465952+00:00,4.001,228.1,234.8,0.974,False
fan_4_dark,4,False,2026-09-30T22:35:46.458339+00:00,5.001,228.2,234.8,0.974,False
fan_4_dark,4,False,2026-09-30T22:35:47.457090+00:00,6.001,228.6,234.8,0.976,False
fan_4_dark,4,False,2026-09-30T22:35:48.459506+00:00,7.001,228.6,234.8,0.976,False
fan_4_dark,4,False,2026-09-30T22:35:49.465728+00:00,8.002,228.6,234.8,0.976,False
fan_4_dark,4,False,2026-09-30T22:35:50.466403+00:00,9.002,228.5,234.8,0.975,False
fan_4_dark,4,False,2026-09-30T22:35:51.462224+00:00,10.002,228.6,234.8,0.976,False
fan_4_dark,4,False,2026-09-30T22:35:52.486932+00:00,11.002,228.4,234.8,0.975,False
fan_4_dark,4,False,2026-09-30T22:35:53.471992+00:00,12.002,228.4,234.8,0.974,False
fan_4_dark,4,False,2026-09-30T22:35:54.475449+00:00,13.002,228.3,234.9,0.974,False
fan_4_dark,4,False,2026-09-30T22:35:55.528466+00:00,14.003,228.1,234.8,0.973,False
fan_4_dark,4,False,2026-09-30T22:35:56.675623+00:00,15.003,228.8,234.7,0.977,True
fan_4_dark,4,False,2026-09-30T22:35:57.471813+00:00,16.003,228.8,234.8,0.976,True
fan_4_dark,4,False,2026-09-30T22:35:58.463340+00:00,17.003,228.9,234.8,0.977,True
fan_4_dark,4,False,2026-09-30T22:35:59.463457+00:00,18.003,228.5,234.8,0.975,True
fan_4_dark,4,False,2026-09-30T22:36:00.466510+00:00,19.003,228.3,234.8,0.974,True
fan_4_dark,4,False,2026-09-30T22:36:01.467540+00:00,20.003,229.0,234.8,0.977,True
fan_4_dark,4,False,2026-09-30T22:36:02.462769+00:00,21.004,229.1,234.8,0.978,True
fan_4_dark,4,False,2026-09-30T22:36:03.466787+00:00,22.004,230.2,234.7,0.983,True
fan_4_dark,4,False,2026-09-30T22:36:04.461178+00:00,23.004,229.7,234.8,0.98,True
fan_4_dark,4,False,2026-09-30T22:36:05.461763+00:00,24.004,229.5,234.8,0.979,True
fan_4_dark,4,False,2026-09-30T22:36:06.462362+00:00,25.004,228.8,234.5,0.978,True
fan_4_dark,4,False,2026-09-30T22:36:07.479662+00:00,26.004,229.1,234.5,0.979,True
fan_4_dark,4,False,2026-09-30T22:36:08.461178+00:00,27.005,229.0,234.8,0.977,True
fan_4_dark,4,False,2026-09-30T22:36:09.472316+00:00,28.005,229.2,234.7,0.979,True
fan_4_dark,4,False,2026-09-30T22:36:10.464588+00:00,29.005,229.4,234.8,0.979,True
fan_4_dark,4,False,2026-09-30T22:36:11.469207+00:00,30.005,229.0,234.8,0.977,True
fan_4_dark,4,False,2026-09-30T22:36:12.462748+00:00,31.005,228.4,234.8,0.975,True
fan_4_dark,4,False,2026-09-30T22:36:13.485108+00:00,32.005,228.2,234.7,0.974,True
fan_4_dark,4,False,2026-09-30T22:36:14.465382+00:00,33.006,228.3,234.6,0.975,True
fan_4_dark,4,False,2026-09-30T22:36:15.463627+00:00,34.006,229.0,234.6,0.978,True
fan_4_dark,4,False,2026-09-30T22:36:16.468566+00:00,35.006,228.9,234.7,0.977,True
fan_4_dark,4,False,2026-09-30T22:36:17.467245+00:00,36.006,228.9,234.8,0.977,True
fan_4_dark,4,False,2026-09-30T22:36:18.464409+00:00,37.006,228.8,234.8,0.976,True
fan_4_dark,4,False,2026-09-30T22:36:19.463478+00:00,38.007,228.6,234.7,0.976,True
fan_4_dark,4,False,2026-09-30T22:36:20.466629+00:00,39.007,229.1,234.6,0.978,True
fan_4_dark,4,False,2026-09-30T22:36:21.465532+00:00,40.007,229.0,234.7,0.978,True
fan_4_dark,4,False,2026-09-30T22:36:22.470710+00:00,41.007,228.6,234.8,0.976,True
fan_4_dark,4,False,2026-09-30T22:36:23.463876+00:00,42.007,228.9,234.7,0.977,True
fan_4_dark,4,False,2026-09-30T22:36:24.463815+00:00,43.008,228.5,234.7,0.975,True
fan_4_dark,4,False,2026-09-30T22:36:25.469990+00:00,44.008,228.5,234.7,0.975,True
fan_4_dark,4,False,2026-09-30T22:36:26.467037+00:00,45.008,228.7,234.7,0.977,True
fan_4_dark,4,False,2026-09-30T22:36:27.470632+00:00,46.008,229.3,234.7,0.979,True
fan_4_dark,4,False,2026-09-30T22:36:28.465539+00:00,47.008,228.0,234.7,0.973,True
fan_4_dark,4,False,2026-09-30T22:36:29.468466+00:00,48.008,228.9,234.7,0.977,True
fan_4_dark,4,False,2026-09-30T22:36:30.470477+00:00,49.009,229.5,234.8,0.98,True
fan_4_dark,4,False,2026-09-30T22:36:31.470134+00:00,50.009,230.7,234.7,0.985,True
fan_4_dark,4,False,2026-09-30T22:36:32.467196+00:00,51.009,228.6,234.7,0.976,True
fan_4_dark,4,False,2026-09-30T22:36:33.481263+00:00,52.009,229.5,234.7,0.98,True
fan_4_dark,4,False,2026-09-30T22:36:34.477503+00:00,53.009,229.0,234.7,0.978,True
fan_4_dark,4,False,2026-09-30T22:36:35.471816+00:00,54.009,228.3,234.6,0.975,True
fan_4_light,4,True,2026-09-30T22:36:50.929941+00:00,0.0,228.5,234.6,0.976,False
fan_4_light,4,True,2026-09-30T22:36:51.889598+00:00,1.0,228.8,234.6,0.977,False
fan_4_light,4,True,2026-09-30T22:36:52.894160+00:00,2.0,234.0,234.6,1.028,False
fan_4_light,4,True,2026-09-30T22:36:53.893999+00:00,3.001,235.4,234.6,1.006,False
fan_4_light,4,True,2026-09-30T22:36:54.892385+00:00,4.001,235.2,234.6,1.005,False
fan_4_light,4,True,2026-09-30T22:36:55.901047+00:00,5.001,235.5,234.7,1.006,False
fan_4_light,4,True,2026-09-30T22:36:56.899025+00:00,6.001,235.1,234.6,1.005,False
fan_4_light,4,True,2026-09-30T22:36:57.895762+00:00,7.001,235.0,234.6,1.005,False
fan_4_light,4,True,2026-09-30T22:36:58.891891+00:00,8.001,235.5,234.7,1.006,False
fan_4_light,4,True,2026-09-30T22:36:59.891321+00:00,9.001,235.5,234.7,1.006,False
fan_4_light,4,True,2026-09-30T22:37:00.901879+00:00,10.002,235.4,234.7,1.006,False
fan_4_light,4,True,2026-09-30T22:37:02.925520+00:00,11.002,235.5,234.6,1.006,False
fan_4_light,4,True,2026-09-30T22:37:02.967326+00:00,12.077,235.5,234.6,1.006,False
fan_4_light,4,True,2026-09-30T22:37:03.967145+00:00,13.077,235.6,234.6,1.007,False
fan_4_light,4,True,2026-09-30T22:37:04.970040+00:00,14.077,235.1,234.7,1.004,False
fan_4_light,4,True,2026-09-30T22:37:05.973677+00:00,15.077,235.2,234.7,1.005,True
fan_4_light,4,True,2026-09-30T22:37:06.968220+00:00,16.078,236.2,234.6,1.01,True
fan_4_light,4,True,2026-09-30T22:37:07.990790+00:00,17.078,235.9,234.6,1.009,True
fan_4_light,4,True,2026-09-30T22:37:08.975507+00:00,18.078,235.9,234.6,1.008,True
fan_4_light,4,True,2026-09-30T22:37:09.977201+00:00,19.078,236.3,234.6,1.01,True
fan_4_light,4,True,2026-09-30T22:37:10.969709+00:00,20.078,236.0,234.6,1.009,True
fan_4_light,4,True,2026-09-30T22:37:11.969567+00:00,21.078,235.8,234.5,1.008,True
fan_4_light,4,True,2026-09-30T22:37:12.967884+00:00,22.079,235.4,234.5,1.007,True
fan_4_light,4,True,2026-09-30T22:37:13.968616+00:00,23.079,235.5,234.6,1.007,True
fan_4_light,4,True,2026-09-30T22:37:14.968948+00:00,24.079,235.6,234.6,1.007,True
fan_4_light,4,True,2026-09-30T22:37:15.969211+00:00,25.079,235.9,234.6,1.009,True
fan_4_light,4,True,2026-09-30T22:37:16.969132+00:00,26.079,235.9,234.5,1.008,True
fan_4_light,4,True,2026-09-30T22:37:17.978106+00:00,27.079,235.6,234.6,1.007,True
fan_4_light,4,True,2026-09-30T22:37:18.977399+00:00,28.08,235.4,234.7,1.006,True
fan_4_light,4,True,2026-09-30T22:37:19.972239+00:00,29.08,235.4,234.7,1.006,True
fan_4_light,4,True,2026-09-30T22:37:20.969944+00:00,30.08,235.3,234.7,1.006,True
fan_4_light,4,True,2026-09-30T22:37:21.973045+00:00,31.08,235.5,234.7,1.006,True
fan_4_light,4,True,2026-09-30T22:37:22.975324+00:00,32.08,235.2,234.6,1.005,True
fan_4_light,4,True,2026-09-30T22:37:23.972315+00:00,33.08,235.2,234.6,1.006,True
fan_4_light,4,True,2026-09-30T22:37:24.974242+00:00,34.081,235.2,234.6,1.005,True
fan_4_light,4,True,2026-09-30T22:37:25.970965+00:00,35.081,235.7,234.6,1.007,True
fan_4_light,4,True,2026-09-30T22:37:26.986085+00:00,36.081,235.8,234.6,1.008,True
fan_4_light,4,True,2026-09-30T22:37:27.976253+00:00,37.081,235.7,234.7,1.007,True
fan_4_light,4,True,2026-09-30T22:37:28.973834+00:00,38.081,235.1,234.7,1.005,True
fan_4_light,4,True,2026-09-30T22:37:29.971741+00:00,39.082,235.6,234.6,1.007,True
fan_4_light,4,True,2026-09-30T22:37:30.988459+00:00,40.082,235.5,234.7,1.006,True
fan_4_light,4,True,2026-09-30T22:37:31.971966+00:00,41.082,235.3,234.7,1.005,True
fan_4_light,4,True,2026-09-30T22:37:32.982570+00:00,42.082,235.6,234.7,1.007,True
fan_4_light,4,True,2026-09-30T22:37:33.975331+00:00,43.082,235.8,234.7,1.008,True
fan_4_light,4,True,2026-09-30T22:37:34.976925+00:00,44.082,236.0,234.7,1.008,True
fan_4_light,4,True,2026-09-30T22:37:35.992217+00:00,45.083,236.0,234.7,1.008,True
fan_4_light,4,True,2026-09-30T22:37:36.982157+00:00,46.083,235.5,234.7,1.006,True
fan_4_light,4,True,2026-09-30T22:37:37.970375+00:00,47.083,235.4,234.6,1.006,True
fan_4_light,4,True,2026-09-30T22:37:38.976994+00:00,48.083,235.5,234.7,1.006,True
fan_4_light,4,True,2026-09-30T22:37:39.986866+00:00,49.083,235.5,234.7,1.006,True
fan_4_light,4,True,2026-09-30T22:37:40.981481+00:00,50.083,235.3,234.6,1.006,True
fan_4_light,4,True,2026-09-30T22:37:41.976443+00:00,51.084,235.3,234.6,1.006,True
fan_4_light,4,True,2026-09-30T22:37:42.972543+00:00,52.084,235.3,234.7,1.006,True
fan_4_light,4,True,2026-09-30T22:37:43.976233+00:00,53.084,235.4,234.7,1.006,True
fan_4_light,4,True,2026-09-30T22:37:44.975969+00:00,54.084,235.8,234.7,1.007,True
